pmid,year,score,n_chunks,title
40952627,2025,0.5818,1,The Development and Use of Office of New Drugs Custom Medical Queries for Safety Analyses of Clinical Trial Data.
40900408,2025,0.4375,2,Implementation and Results of Active Vaccine Safety Monitoring During the COVID-19 Pandemic in the UK: A Regulatory Perspective.
40835783,2025,0.3063,2,"External Comparator Studies: Performance of Four Missing Data-Handling Approaches, Stratified by Four Different Marginal Estimators."
40762949,2025,0.5249,2,Teratogenic Risk Impact Mitigation (TRIM): Development of Explicit Criteria to Facilitate Decisions Regarding Teratogenic Risk Mitigation Strategies.
40745250,2025,0.2462,3,Epidemiology of Thrombotic Thrombocytopenia Syndrome 2011 to 2022: English Sentinel Network Cohort Studies.
40742669,2025,0.4020,2,Observed Versus Expected Analysis-How Does It Fit in the Pharmacovigilance Toolkit?
40632487,2025,0.3176,2,Real-World Data Insights into Antidepressant Prescription and Adherence During Pregnancy in Catalonia (Spain).
40624327,2025,0.4451,2,Temporal Changes in Reporting of Neurodevelopmental Outcomes After Maternal Exposure to Valproate: A Contribution of the ConcePTION Project.
40608239,2025,0.5088,3,The Effect of Opioid Agonist Treatment on Injection-Related Sequelae: A Population-Based Observational Study.
40601107,2025,0.6558,3,Signals of Adverse Reactions to Herbal Medicines: Evidence and Document Analysis Based on a Scoping Review.
40593291,2025,0.4639,3,Strategies and Challenges in Coding Ambiguous Information Using MedDRA®: An Exploration Among Norwegian Pharmacovigilance Officers.
40588648,2025,0.5540,3,Characteristics of Drug-RElated Hospitalizations for Nursing HOme Residents: Cross-Sectional RENHO Study.
40587039,2025,0.3857,2,Association of GLP1-Receptor Agonists with Risk of Hepatocellular Carcinoma: A Retrospective Cohort Study.
40579658,2025,0.4995,2,Temporal Trends of Anticholinergic Drug Exposure Among Older Adults: A 25-Year Population-Based Study.
40560472,2025,0.3208,2,Sex Differences in Electrolyte Disturbances Among Diuretic Users According to Renal Function and Age.
40549134,2025,0.4854,3,Uncovering Pregnancy Exposures in Pharmacovigilance Case Report Databases: A Comprehensive Evaluation of the VigiBase Pregnancy Algorithm.
40536665,2025,0.4673,2,Identifying New Candidate Predictors of Mortality in Japanese Patients with Severe Drug Eruptions.
40517185,2025,0.5446,2,Reporting Adverse Drug Events: A Comparison of an Online Patient Tool Versus Telephone-Based Monitoring in Community Pharmacy Patients in the Netherlands.
40514582,2025,0.3946,4,Identifying Maternal Conditions Leading to Gabapentinoid Prescriptions in Pregnancy Using Electronic Health Records from Six European Countries: A Contribution from the IMI ConcePTION Project.
40506653,2025,0.3257,2,Investigation of Ochratoxin A and Citrinin Occurrence in Medicinal Herbal Products from the Czech Market.
40495022,2025,0.3742,3,Comparison of Adverse Events in Pregnant Persons Receiving COVID-19 and Influenza Vaccines: A Disproportionality Analysis Using Combined Data from US VAERS and EudraVigilance Spontaneous Report Databases.
40467833,2025,0.4597,2,Large-scale Empirical Identification of Candidate Comparators for Pharmacoepidemiological Studies.
40467832,2025,0.3909,3,An Evaluation of Duplicate Adverse Event Reports Characteristics in the Food and Drug Administration Adverse Event Reporting System.
40448798,2025,0.6565,2,Systematic Evaluation of Australian Risk Management Plans for Biologic Medicines.
40434632,2025,0.5502,3,Predictive Models for Identifying Adult Patients at High Risk of Developing Opioid-Related Harms: a Systematic Review.
40392520,2025,0.5333,3,The Role of Adverse Event Follow-Up in Advancing the Knowledge of Medicines and Vaccines Safety: A Scoping Review.
40383741,2025,0.5082,2,"Risk of New-Onset Atrial Fibrillation in Opioid Users: A Systematic Review and Meta-Analysis on 24,006,367 Participants."
40374964,2025,0.5019,2,Evaluation of Data Quality and Utility of the Japan Drug Information Institute in Pregnancy (JDIIP) Consultation Case Database for Pregnancy Pharmacovigilance.
40347221,2025,0.4309,3,Incretin-Based Drugs and the Incidence of Endometrial Cancer Among People with Type 2 Diabetes: Active Comparator New-User Design.
40287571,2025,0.3997,2,Impact of Batoclimab Treatment on LDL-C with and Without Coadministration of Atorvastatin: Results from a Phase I Randomized Study in Healthy Participants.
40272756,2025,0.3770,2,A Mixed-Methods Evaluation to Identify Industry Knowledge Needs and Challenges in Health Product Defect and Recall Reporting in Singapore.
40261506,2025,0.4440,2,A Drug Similarity-Based Bayesian Method for Early Adverse Drug Event Detection.
40238055,2025,0.2519,2,Signal Monitoring for Adverse Events Following Immunisation with COVID-19 Vaccines During the SARS-CoV-2 Pandemic: An Evaluation of the South African Surveillance System.
40232585,2025,0.3874,2,Investigating Risk of Cancer with Sodium-Glucose Cotransporter 2 Inhibitors: A Disproportionality Analysis in the WHO Global Pharmacovigilance Database Vigibase®.
40223041,2025,0.2362,1,Interplay of Spontaneous Reporting and Longitudinal Healthcare Databases for Signal Management: Position Statement from the Real-World Evidence and Big Data Special Interest Group of the International Society of Pharmacovigilance.
40208555,2025,0.5289,2,Risk Minimisation Measures of Advanced Therapy Medicinal Products Authorised in the EU Between 2009 and 2023: A Cross-Sectional Study.
40205137,2025,0.4366,2,Evaluation of Mortality in Users of Pimavanserin Compared with Other Atypical Antipsychotics in Patients with Parkinson's Disease Psychosis: An Update.
40178787,2025,0.5097,2,IQ DILI Consensus Opinion: Best Practices for Rechallenge Following Suspected Drug-Induced Liver Injury in Clinical Trials.
40121611,2025,0.3838,2,Major Adverse Cardiovascular Events Related to JAK Inhibitors: A Disproportionality Analysis Using the WHO Global Individual Case Safety Database.
40108072,2025,0.3839,3,Mitigation and Management of Common Toxicities Associated with the Administration of CAR-T Therapies in Oncology Patients.
40106171,2025,0.3433,3,Pregnancy and Infant Outcomes in Women with Multiple Sclerosis Exposed to Glatiramer Acetate Therapy: An Extended 4-Year Safety Update.
40088342,2025,0.1580,2,Narrative Search Engine for Case Series Assessment Supported by Artificial Intelligence Query Suggestions.
40088341,2025,0.3742,2,"QT Interval, Antipsychotics and Correlates Among Patients with Schizophrenia: Cross-Sectional Data from the Multicentric Real-World FACE-SZ."
40075034,2025,0.5393,3,Evidence-Based Design of Prescription Medication Information: An Updated Scoping Review.
40075033,2025,0.7415,2,"Navigating Diverging Perspectives: Reasoning, Evidence, and Decision-Making in Drug Safety."
40075032,2025,0.3149,2,Off-the-Shelf Large Language Models for Causality Assessment of Individual Case Safety Reports: A Proof-of-Concept with COVID-19 Vaccines.
40075031,2025,0.4801,2,Using Mixed Methods to Evaluate Risk Minimisation Programs in Europe and the USA: An Innovative Blueprint.
40072769,2025,0.4809,3,The Frequency of Drug-Induced Liver Injury Due to Antibiotics Among Hospitalised Patients.
40056291,2025,0.2782,2,Might We Come Together on a Paradigm Shift to Manage ICSRs with a Decentralized Data Model?
40032797,2025,0.3106,3,Opinion Mining of Erowid's Experience Reports on LSD and Psilocybin-Containing Mushrooms.
40024970,2025,0.6201,3,Understanding the Work of the Pharmacovigilance Risk Assessment Committee (PRAC): A Quantitative Review of the Post-Authorisation Safety Evaluation of Antidiabetic Drugs from 2012 to 2022.
39987538,2025,0.4791,3,Stakeholders' Perspectives Toward the Use of Patient Registry Data for Decision-Making on Medicines: A Cross-Sectional Survey.
39987376,2025,0.5285,3,Are Causal Statements Reported in Pharmacovigilance Disproportionality Analyses Using Individual Case Safety Reports Exaggerated in Related Citations? A Meta-epidemiological Study.
39982676,2025,0.4018,2,Effectiveness of Transformer-Based Large Language Models in Identifying Adverse Drug Reaction Relations from Unstructured Discharge Summaries in Singapore.
39979771,2025,0.4892,2,"Leveraging FDA Labeling Documents and Large Language Model to Enhance Annotation, Profiling, and Classification of Drug Adverse Events with AskFDALabel."
39976874,2025,0.5481,2,Pharmacogenetic Testing in the Outpatient Setting in Switzerland: A Descriptive Study Using Swiss Claims Data.
39953273,2025,0.5087,1,Aggregation of Adverse Event Terms for Signal Detection and Labeling in Clinical Trials.
39939518,2025,0.5618,3,Assessment of Pharmacovigilance Across University Hospitals in Morocco.
39934585,2025,0.4108,2,Risk of Fracture Associated with Pregabalin or Mirogabalin Use: A Case-Case-Time-Control Study Based on Japanese Health Insurance Claims Data.
39932652,2025,0.4789,2,Emerging Tools to Support DILI Assessment in Clinical Trials with Abnormal Baseline Serum Liver Tests or Pre-existing Liver Diseases.
39921708,2025,0.4219,1,Drug Induced Liver Injury: Highlights and Controversies in the 2023 Literature.
39921707,2025,0.4948,2,OpenPVSignal Knowledge Graph: Pharmacovigilance Signal Reports in a Computationally Exploitable FAIR Representation.
39918677,2025,0.4214,3,Network Analysis and Machine Learning for Signal Detection and Prioritization Using Electronic Healthcare Records and Administrative Databases: A Proof of Concept in Drug-Induced Acute Myocardial Infarction.
39913070,2025,0.4307,2,"A Longitudinal Post-authorization Safety Study of Golimumab in Treatment of Ulcerative Colitis: A Cohort Study in Denmark and Sweden, 2013-2021."
39907983,2025,0.5628,2,"Delphi Method Consensus on Statistical Analysis and Reporting Recommendations for Single-Arm Pregnancy Medication Safety Studies Investigating Pregnancy, Birth and Neonatal Health Outcomes: A Contribution from IMI-ConcePTION."
39873899,2025,0.4625,2,Antiretroviral Use for HIV Prevention During Pregnancy: The Need to Strengthen Regulatory and Surveillance Systems in Africa.
39869300,2025,0.6307,2,Sequential Epidemiological Analyses of Real-World Data: A Tool for Prospective Drug Safety Surveillance from the Rofecoxib Example.
39843797,2025,0.3549,3,Empowering African Expertise: Enhancing Safety Data Integration and Signal Detection for COVID-19 Vaccines Through the African Union Smart Safety Surveillance Joint Signal Management Group.
39833656,2025,0.4706,3,Clinical Relatedness and Stability of vigiVec Semantic Vector Representations of Adverse Events and Drugs in Pharmacovigilance.
39786481,2025,0.5393,2,Leveraging Natural Language Processing and Machine Learning Methods for Adverse Drug Event Detection in Electronic Health/Medical Records: A Scoping Review.
39718691,2025,0.4749,2,Drug-Induced Cognitive Impairment.
39688763,2025,0.6110,2,Use of Reporting Recommendation Intended for Pharmaceutical Risk Minimisation Evaluation Studies (RIMES) Checklist in Risk Minimisation/Mitigation Studies: A Review and Survey.
39666166,2025,0.3517,3,Post-licensure Safety Surveillance of 20-Valent Pneumococcal Conjugate Vaccine (PCV20) Among US Adults in the Vaccine Adverse Event Reporting System (VAERS).
39666165,2025,0.4272,2,Prenatal and Early Childhood Exposure to Proton Pump Inhibitors and Antibiotics and the Risk of Childhood Cancer: A Nationwide Population-Based Cohort Study.
39661234,2025,0.0941,2,Performance and Reproducibility of Large Language Models in Named Entity Recognition: Considerations for the Use in Controlled Environments.
39645619,2025,0.4047,2,Trends in Proton Pump Inhibitor Use in Sweden by Sex and Age: A Drug Utilisation Study.
39638989,2025,0.3624,2,Early Detection of Hearing Impairment Signals Post-mRNA COVID-19 Vaccination: A Disproportionality Analysis Study on French Pharmacovigilance Database.
39630354,2025,0.3567,2,Prenatal Exposure to Proton Pump Inhibitors and Risk of Serious Infections in Offspring During the First Year of Life: A Nationwide Cohort Study.
39621298,2025,0.5338,2,Adverse Drug Events in Ambulatory Care: A Cross-Sectional Study.
39604587,2025,0.5063,3,Fracture-Related Safety Reporting of JAK Inhibitors: An Analysis from the WHO Global VigiBase.
39570566,2025,0.5367,2,Challenges in the Implementation of EU Risk Minimisation Measures for Medicinal Products in Clinical Practice Guidelines: Mixed Methods Multi-Case Study.
39514152,2025,0.5407,4,"Signals of Possibly Persistent Gustatory, Olfactory and Auditory Adverse Drug Reactions to Antibiotic Drugs: A Disproportionality Analysis Using the EudraVigilance Database."
39499480,2025,0.5462,2,Teratogenic Risk Impact and Mitigation (TRIM): Study Protocol for the Development of a Decision Support Tool to Prioritize Medications for Risk Mitigation.
39487335,2025,0.4881,2,Views on the Development and Use of a New Digital Adverse Drug Event Reporting Platform in Australia: A Qualitative Study.
39354283,2025,0.5100,2,Investigation of the Role of Chemical Analysis in Causality Assessment of Herbal and Dietary Supplement-Induced Liver Injury.
39331228,2025,0.4712,1,Safeguarding Patients in the AI Era: Ethics at the Forefront of Pharmacovigilance.
39327387,2025,0.5395,2,An Integrated Approach for Representing Knowledge on the Potential of Drugs to Cause Acute Kidney Injury.
39317916,2025,0.5085,3,Incidence of Idiosyncratic Drug-Induced Liver Injury Caused by Prescription Drugs.
39302513,2025,0.5040,2,The Use of Multiple Medications During Pregnancy Among an Ethnically Diverse Population in South-Eastern Melbourne: A Retrospective Analysis to Explore Potential Risks and Complications.
39300043,2025,0.6403,5,Disproportionality Analysis and Characterisation of Medication Errors in EudraVigilance: Exploring Findings on Sexes and Age Groups.
39292423,2025,0.5092,3,Pharmacovigilance in the Age of Legalized Cannabis: Using Social Media to Monitor Drug-Drug Interactions Between Immunosuppressants and Cannabis-Derived Products.
39289314,2025,0.3011,1,Drug-Induced Hypouricemia.
39266812,2025,0.6550,2,Qualitative Interviews with Stakeholders in Herbal Pharmacovigilance and Recommendations for Best Practices to be Applied Worldwide.
39264483,2024,0.3740,2,Emergency Department Use of Heart Failure-Exacerbating Medications in Patients with Chronic Heart Failure.
39227560,2025,0.4340,2,Cardiovascular Safety of Romosozumab Compared to Commonly Used Anti-osteoporosis Medications in Postmenopausal Osteoporosis: A Systematic Review and Network Meta-analysis of Randomized Controlled Trials.
39222216,2024,0.5452,2,"Paracetamol Dosing Errors in People Aged 12 Years and Over: An Analysis of Over 14,000 Cases Reported to an Australian Poisons Information Centre."
39214955,2025,0.5251,3,Comparative Effectiveness and Safety of Off-Label Underdosed Direct Oral Anticoagulants in Asian Patients with Atrial Fibrillation: A Systematic Review and Meta-analysis.
39162987,2024,0.4423,2,"Short-Term Training, a Useful Approach for Sustainable Pharmacovigilance Knowledge Development in Tanzania, Kenya, Ethiopia and Rwanda."
39160354,2024,0.6037,2,A Comparison of Active Pharmacovigilance Strategies Used to Monitor Adverse Events to Antiviral Agents: A Systematic Review.
39154117,2025,0.4601,2,Caveats of Covariate Adjustment in Disproportionality Analysis for Best Practices.
39147961,2024,0.4151,3,Unveiling the Burden of Drug-Induced Impulsivity: A Network Analysis of the FDA Adverse Event Reporting System.
39102176,2024,0.3648,2,Examining the Effect of Missing Data and Unmeasured Confounding on External Comparator Studies: Case Studies and Simulations.
39093543,2024,0.5012,2,The Methodological Quality of Observational Studies Examining the Risk of Pregnancy Drug Use on Congenital Malformations Needs Substantial Improvement: A Cross-Sectional Survey.
39085589,2024,0.4649,2,"Description and Validation of a Novel AI Tool, LabelComp, for the Identification of Adverse Event Changes in FDA Labeling."
39068268,2024,0.3709,4,Acute Appendicitis After COVID-19 Vaccines in Italy: A Self-Controlled Case Series Study.
39030460,2024,0.4445,2,The PrescIT platform: An interoperable Clinical Decision Support System for ePrescription to Prevent Adverse Drug Reactions and Drug-Drug Interactions.
39012469,2024,0.5994,4,"A Systematic Overview of Contraindications and Special Warnings for Biologic and Targeted Synthetic Disease Modifying Antirheumatic Drugs: Establishing a Framework to Create a ""Safety Checklist""."
39009928,2024,0.3195,4,Safety and Effectiveness of COVID-19 Vaccines During Pregnancy: A Living Systematic Review and Meta-analysis.
39008024,2024,0.4286,2,Pregnancy Outcomes in Patients Treated with Upadacitinib: Analysis of Data from Clinical Trials and Postmarketing Reports.
38990488,2024,0.4944,1,Adopting STOPP/START Criteria Version 3 in Clinical Practice: A Q&A Guide for Healthcare Professionals.
38987419,2024,0.5423,1,The STAR Compass to Guide Future Pharmacovigilance Based on a 10-Year Review of the Strengthened EU System.
38982034,2024,0.3222,2,Optimal Significance Levels and Sample Sizes for Signal Detection Methods Based on Non-constant Hazards.
38982033,2024,0.4015,3,A Calculated Risk: Evaluation of QTc Drug-Drug Interaction (DDI) Clinical Decision Support (CDS) Alerts and Performance of the Tisdale Risk Score Calculator.
38949714,2024,0.4352,2,"Enhanced Safety Surveillance of GSK's Inactivated Quadrivalent Seasonal Influenza Vaccine in Belgium, Germany, and Spain During the 2022/2023 Influenza Season."
38940904,2024,0.3026,1,Use of the Sentinel System to Examine Medical Product Use and Outcomes During Pregnancy.
38916712,2024,0.2865,3,Real-World Effectiveness and Safety of Tixagevimab-Cilgavimab: A Target Trial Emulation Study.
38907947,2024,0.3689,4,"What is the Safety of COVID-19 Vaccines in Immunocompromised Patients? Results from the European ""Covid Vaccine Monitor"" Active Surveillance Study."
38907172,2024,0.4715,3,"Pharmacovigilance in Pregnancy Studies, Exposures and Outcomes Ascertainment, and Findings from Low- and Middle-Income Countries: A Scoping Review."
38896215,2024,0.4531,2,Identification of Pregnancy Adverse Drug Reactions in Pharmacovigilance Reporting Systems: A Novel Algorithm Developed in EudraVigilance.
38862692,2024,0.3343,2,Tardive Dyskinesia with Antipsychotic Medication in Children and Adolescents: A Systematic Literature Review.
38824267,2024,0.3618,3,Key Opinion Leaders' Interviews to Inform the Future of Benefit-Risk Planning in the Medical Total Product Life Cycle of Global Pharmaceutical and Medical Device Organizations.
38822943,2024,0.3464,3,Targeting CCL24 in Inflammatory and Fibrotic Diseases: Rationale and Results from Three CM-101 Phase 1 Studies.
38755509,2024,0.4113,2,"Trends in Use and Evidence of Adherence to Risk Evaluation and Mitigation Strategy Pregnancy Testing Requirements for Thalidomide, Lenalidomide, and Pomalidomide in the USA, 2000-2020."
38739234,2024,0.4947,2,Predictors of Adverse Drug Reaction-Related Hospitalisations Among People with Dementia: A Retrospective Case-Control Study.
38739233,2024,0.3222,2,Post-Conceptional Exposure to Clomiphene Citrate and Congenital Malformations: A Cohort Study.
38727875,2024,0.3230,3,Use of Sotrovimab in Pregnancy: Experiences from the COVID-19 International Drug Pregnancy Registry.
38722482,2024,0.5190,2,Risk of Mortality Associated with Potentially Inappropriate Medication Use Including Opioids in Older Adults.
38722481,2024,0.4839,3,Antipsychotic-Related DRESS Syndrome: Analysis of Individual Case Safety Reports of the WHO Pharmacovigilance Database.
38720114,2024,0.3934,2,Dipeptidyl Peptidase-4 Inhibitors and the Risk of Gallbladder and Bile Duct Disease Among Patients with Type 2 Diabetes: A Population-Based Cohort Study.
38713347,2024,0.7159,1,The REporting of A Disproportionality Analysis for DrUg Safety Signal Detection Using Individual Case Safety Reports in PharmacoVigilance (READUS-PV): Explanation and Elaboration.
38713346,2024,0.6970,2,The Reporting of a Disproportionality Analysis for Drug Safety Signal Detection Using Individual Case Safety Reports in PharmacoVigilance (READUS-PV): Development and Statement.
38703312,2024,0.5623,2,Comparators in Pharmacovigilance: A Quasi-Quantification Bias Analysis.
38691321,2024,0.4295,2,Competing Benefits and Competing Hazards: The Benefit to Harm Balance in Individual Patients in Rational Therapeutics.
38689136,2024,0.4302,3,"The Safety of Ixekizumab in Chinese Adults with Moderate-to-Severe Plaque Psoriasis: Analyses from a Prospective, Single-Arm, Multicenter, 12-Week Observational Study."
38687463,2024,0.4613,2,Timing Matters: A Machine Learning Method for the Prioritization of Drug-Drug Interactions Through Signal Detection in the FDA Adverse Event Reporting System and Their Relationship with Time of Co-exposure.
38642292,2024,0.4277,2,Composite Plot for Visualizing Aminotransferase and Bilirubin Changes in Clinical Trials of Subjects with Abnormal Baseline Values.
38607521,2024,0.4226,2,COVID-19 Vaccines and Heavy Menstrual Bleeding: The Impact of Media Attention on Reporting to EudraVigilance.
38607520,2024,0.4188,2,Enzalutamide: Understanding and Managing Drug Interactions to Improve Patient Safety and Drug Efficacy.
38594553,2024,0.6003,2,Behavioral Science: Enhancing Our Approach to the Development of Effective Additional Risk Minimization Strategies.
38592665,2024,0.4135,2,Lessons Learned on Observed-to-Expected Analysis Using Spontaneous Reports During Mass Vaccination.
38536627,2024,0.4577,2,Fatal Intoxications with Zopiclone-A Cause for Concern?
38512445,2024,0.5789,2,Angiotensin Receptor Blockers and the Risk of Suspected Drug-Induced Liver Injury: A Retrospective Cohort Study Using Electronic Health Record-Based Common Data Model in South Korea.
38492173,2024,0.2473,1,The Role of Mitochondria in Statin-Induced Myopathy.
38483769,2024,0.3168,1,The Problems with Online Health Product Sales: How can Regulations be Improved?
38483768,2024,0.5491,2,The Role of Pharmacogenomics in Rare Diseases.
38483767,2024,0.3417,2,"An 8-Year Prospective, Observational, Multi-centre Post-Marketing Safety Surveillance Study Conducted in South Korea (2014-2022) Following the Introduction of GSK's Inactivated Quadrivalent Seasonal Influenza Vaccine (Fluarix Tetra) for Subjects Aged 6 Months and Older."
38478350,2024,0.5976,2,The Reporting Recommendations Intended for Pharmaceutical Risk Minimization Evaluation Studies: Standards for Reporting of Implementation Studies Extension (RIMES-SE).
38478349,2024,0.5871,2,Drug-Drug Interactions and Actual Harm to Hospitalized Patients: A Multicentre Study Examining the Prevalence Pre- and Post-Electronic Medication System Implementation.
38460070,2024,0.4659,3,Drug-Gene Risk Stratification in Patients with Suspected Drug-Induced Interstitial Lung Disease.
38446405,2024,0.4591,2,Using Social Media as a Source of Real-World Data for Pharmaceutical Drug Development and Regulatory Decision Making.
38443625,2024,0.5538,2,Risk Factors Associated with Medication Administration Errors in Children: A Prospective Direct Observational Study of Paediatric Inpatients.
38441749,2024,0.3629,2,Risk of Systemic Inflammatory Response Syndrome Following Preoperative Glucocorticoids Administration in Patients After Percutaneous Nephrolithotomy: A Retrospective Cohort Study.
38411838,2024,0.3358,2,Safety of Simultaneous Administration of Bivalent mRNA COVID-19 and Influenza Vaccines in the Vaccine Adverse Event Reporting System (VAERS).
38409516,2024,0.3753,2,In Utero Exposure to Antibiotics and Risk of Serious Infections in the First Year of Life.
38401041,2024,0.4209,3,A Comparison of Signals of Designated Medical Events and Non-designated Medical Events: Results from a Scoping Review.
38396269,2024,0.4227,2,The Role of the European Medicines Agency in the Safety Monitoring of COVID-19 Vaccines and Future Directions in Enhancing Vaccine Safety Globally.
38388828,2024,0.3901,1,Detection Algorithms for Simple Two-Group Comparisons Using Spontaneous Reporting Systems.
38353884,2024,0.3424,2,Tacrolimus-Induced Neurotoxicity After Transplant: A Literature Review.
38353883,2024,0.5348,3,Sociodemographic Characteristics of Adverse Event Reporting in the USA: An Ecologic Study.
38353882,2024,0.2984,2,"Consensus Guidelines: Best Practices for the Prevention, Detection and Management of Hepatitis B Virus Reactivation in Clinical Trials with Immunosuppressive/Immunomodulatory Therapy."
38321317,2024,0.4938,4,Drug-Induced Progressive Multifocal Leukoencephalopathy (PML): A Systematic Review and Meta-Analysis.
38308152,2024,0.5991,2,Exploring the Role of Guidelines in Contributing to Medication Errors: A Descriptive Analysis of National Patient Safety Incident Data.
38273155,2024,0.4947,3,Drug-Drug Interactions Between Glucagon-Like Peptide 1 Receptor Agonists and Oral Medications: A Systematic Review.
38217833,2024,0.4819,2,Drug-Induced Liver Injury in the Elderly: Consensus Statements and Recommendations from the IQ-DILI Initiative.
38183608,2024,0.5426,2,Validation of a Novel Method to Assess the Clinical Quality of Information in Pregnancy-Related Pharmacovigilance Case Reports: A ConcePTION Project.
38175395,2024,0.5556,2,Enhancing Transparency in Defining Studied Drugs: The Open-Source Living DiAna Dictionary for Standardizing Drug Names in the FAERS.
38141156,2024,0.5021,3,Risk of Major Bleeding Associated with Concomitant Direct-Acting Oral Anticoagulant and Clopidogrel Use: A Retrospective Cohort Study.
38133735,2024,0.5859,2,International Trends in Adverse Drug Event-Related Mortality from 2001 to 2019: An Analysis of the World Health Organization Mortality Database from 54 Countries.
38114757,2024,0.4180,3,"Improving Data Collection in Pregnancy Safety Studies: Towards Standardisation of Data Elements in Pregnancy Reports from Public and Private Partners, A Contribution from the ConcePTION Project."
38113017,2024,0.5126,2,"The Critical Intersect of Regulations, Health Technology Assessment, and Drug Safety Assessments."
38093083,2024,0.5260,3,Implementation of a Taxonomy-Based Framework for the Selection of Appropriate Drugs and Outcomes for Real-World Data Signal Detection Studies.
38085500,2024,0.2622,2,Effectiveness and Respiratory Adverse Events Following Inactivated and mRNA COVID-19 Vaccines in Patients with COPD and Asthma: A Chinese Population-Based Study.
38082120,2024,0.6488,1,Promoting Collaboration of Regulators and Patients in Improving Drug Safety and Regulatory Decision Making.
38070101,2024,0.4574,2,SGLT2 Inhibitor Use and Risk of Breast Cancer Among Adult Women with Type 2 Diabetes.
38062261,2024,0.2993,2,"Optimizing Signal Management in a Vaccine Adverse Event Reporting System: A Proof-of-Concept with COVID-19 Vaccines Using Signs, Symptoms, and Natural Language Processing."
38019365,2024,0.4561,2,The Unseen Hand: AI-Based Prescribing Decision Support Tools and the Evaluation of Drug Safety and Effectiveness.
38007401,2024,0.6543,2,An Overview of Regression Models for Adverse Events Analysis.
37996777,2024,0.5204,2,A Descriptive Analysis of Adverse Event Reports from the Quebec Cannabis Registry.
37995049,2024,0.5100,2,Patient-Reported Reasons for Antihypertensive Medication Change: A Quantitative Study Using Social Media.
37995048,2024,0.3714,2,Chronic Obstructive Pulmonary Disease Adverse Event Signals Associated with Potential Inhibitors of Glutathione Peroxidase 1: A Sequence Symmetry Analysis.
37987966,2023,0.5608,3,"Comparative Analysis of Information Provided in German Adverse Drug Reaction Reports Sent by Physicians, Pharmacists and Consumers."
37973785,2024,0.5767,2,Cognitive Safety is Largely Ignored in Clinical Drug Trials: A Study of Registered Study Protocols.
37973784,2024,0.4640,2,The COVID-19 International Drug Pregnancy Registry (COVID-PR): Protocol Considerations.
37966696,2024,0.4389,2,Enhancing Pharmacovigilance in Côte d'Ivoire: Impact of GSK's Training and Mentoring Pilot Project in the Abidjan Region.
37938539,2024,0.3578,2,Validation of a Natural Language Machine Learning Model for Safety Literature Surveillance.
37935996,2024,0.5271,2,Application of an Innovative Data Mining Approach Towards Safe Polypharmacy Practice in Older Adults.
37934397,2023,0.3495,2,Pulmonary Toxicity Associated with Immune Checkpoint Inhibitors-Based Therapy: Current Perspectives and Future Directions.
37926785,2023,0.5122,3,Impact of Covid-19 Vaccination on Spontaneous Pharmacovigilance Reporting in France.
37907775,2023,0.4901,3,Drug Utilisation Patterns of Alternatives to Ranitidine-Containing Medicines in Patients Treated with Ranitidine: A Network Analysis of Data from Six European National Databases.
37906417,2024,0.4701,5,Long-Term Safety of Guselkumab in Patients with Psoriatic Disease: An Integrated Analysis of Eleven Phase II/III Clinical Studies in Psoriasis and Psoriatic Arthritis.
37902937,2023,0.6933,3,Long-Term Real-World Post-approval Safety Data of Multiple Biosimilars from One Marketing-Authorization Holder After More than 18 Years Since Their First Biosimilar Launch.
37889401,2024,0.4994,2,Intravenous Medication Administration Safety with Smart Infusion Pumps in the Neonatal Intensive Care Unit: An Observational Study.
37882905,2023,0.3175,2,"The Effect of Sex on the Incidence, Latency, Duration and Perceived Burden of Adverse Events Following Seasonal Influenza Vaccination in the Netherlands."
37874451,2024,0.5968,2,Industry Review of Best Practices for Risk Management of Drug-Induced Liver Injury from Development to Real-World Use.
37843760,2023,0.3519,2,Levothyroxine Treatment Among Pregnant Women and Risk of Seizure in Children: A Population-Based Cohort Study.
37824028,2023,0.5495,2,Adverse Drug Reactions to Opioids: A Study in a National Pharmacovigilance Database.
37819463,2023,0.6302,2,A Multi-method Exploratory Evaluation of a Service Designed to Improve Medication Safety for Patients with Monitored Dosage Systems Following Hospital Discharge.
37804398,2023,0.4641,2,Supporting Pharmacovigilance Signal Validation and Prioritization with Analyses of Routinely Collected Health Data: Lessons Learned from an EHDEN Network Study.
37783974,2023,0.5814,2,Sharing Adverse Drug Event Reports Between Hospitals and Community Pharmacists to Inform Re-dispensing: An Analysis of Reports and Process Outcomes.
37782373,2023,0.3678,3,"Association of Strict Versus Lenient Cholesterol Lowering with Cardiac Outcomes, Diabetes Progression and Complications, and Mortality in Patients with Diabetes Treated with Statins: Is Less More?"
37776421,2023,0.4271,2,Automated Classification of Quality Defect Issues Relating to Substandard Medicines Using a Hybrid Machine Learning and Rule-Based Approach.
37773567,2023,0.3012,2,Development and Application of a Data-Driven Signal Detection Method for Surveillance of Adverse Event Variability Across Manufacturing Lots of Biologics.
37707778,2023,0.4002,4,An Exploratory Study of the Impact of COVID-19 Vaccine Spontaneous Reporting on Masking Signal Detection in EudraVigilance.
37700154,2023,0.4859,3,Real-World Safety and Efficacy of Biosimilar CT-P13 in Patients with Immune-Mediated Inflammatory Diseases: Integrated Analysis of Three Japanese Prospective Observational Studies.
37697204,2023,0.4385,2,Evolution of Cross-Sectional Survey Protocol Quality Over Time: A Case Series of Index U.S. REMS Knowledge Survey Protocols (2007-2020).
37658281,2023,0.5563,2,Duration of Effectiveness Evaluation of Additional Risk Minimisation Measures for Centrally Authorised Medicinal Products in the EU Between 2012 and 2021.
37651085,2023,0.4144,2,Real-World Safety and Effectiveness of Fluticasone Furoate/Vilanterol in Patients with Asthma and/or Chronic Obstructive Pulmonary Disease: A Post-Marketing Study in Korea.
37651084,2023,0.4679,2,Development of a Framework Structuring Themes in the Course of Adverse Drug Reactions from a Patient's Perspective.
37556109,2023,0.2796,3,Adverse Events Following the BNT162b2 mRNA COVID-19 Vaccine (Pfizer-BioNTech) in Aotearoa New Zealand.
37552439,2023,0.3765,2,Clinical Guidance on the Monitoring and Management of Trastuzumab Deruxtecan (T-DXd)-Related Adverse Events: Insights from an Asia-Pacific Multidisciplinary Panel.
37552438,2023,0.6106,3,Comparative Safety Surveillance of Triple (IDA) Versus Dual Therapy (DA) in Mass Drug Administration for Elimination of Lymphatic Filariasis in Kenya: A Cohort Event Monitoring Study.
37535258,2023,0.5802,2,"Finding Needles in the Haystack: Clinical Utility Score for Prioritisation (CUSP), an Automated Approach for Identifying Spontaneous Reports with the Highest Clinical Utility."
37531074,2023,0.5365,2,Use of Bisphosphonates and the Risk of Skin Ulcer: A National Cohort Study Using Data from the French Health Care Claims Database.
37505401,2023,0.4410,2,The QTc-Bazett Interval in Former Very Preterm Infants in Adolescence and Young Adulthood is Not Different from Term-Born Controls.
37490213,2023,0.3954,2,Managing Cardiovascular and Cancer Risk Associated with JAK Inhibitors.
37421568,2023,0.4975,2,Mapping Strategies to Assess and Increase the Validity of Published Disproportionality Signals: A Meta-Research Study.
37418089,2023,0.5265,2,Disproportionality Analysis of Abemaciclib in the FDA Adverse Event Reporting System: A Real-World Post-Marketing Pharmacovigilance Assessment.
37378806,2023,0.3980,2,Safety and Tolerability of Intravenous Immunoglobulin in Chronic Inflammatory Demyelinating Polyneuropathy: Results of the ProCID Study.
37341925,2023,0.3088,1,Cardiovascular Toxicity of Immune Checkpoint Inhibitors: A Guide for Clinicians.
37340238,2023,0.6697,1,Use of Electronic Health Record Data for Drug Safety Signal Identification: A Scoping Review.
37338799,2023,0.3656,2,"Provision and Characterization of a Corpus for Pharmaceutical, Biomedical Named Entity Recognition for Pharmacovigilance: Evaluation of Language Registers and Training Data Sufficiency."
37335465,2023,0.5118,3,"Hospitalisations Related to Adverse Drug Reactions in Switzerland in 2012-2019: Characteristics, In-Hospital Mortality, and Spontaneous Reporting Rate."
37330415,2023,0.5227,3,Automatic Extraction of Comprehensive Drug Safety Information from Adverse Drug Event Narratives in the Korea Adverse Event Reporting System Using Natural Language Processing Techniques.
37328600,2023,0.2402,2,Serially Combining Epidemiological Designs Does Not Improve Overall Signal Detection in Vaccine Safety Surveillance.
37310614,2023,0.2773,2,Nephrotoxicity of Amoxicillin and Third-Generation Cephalosporins: An Updated Review.
37300636,2023,0.4036,3,Developing an Artificial Intelligence-Guided Signal Detection in the Food and Drug Administration Adverse Event Reporting System (FAERS): A Proof-of-Concept Study Using Galcanezumab and Simulated Data.
37294532,2023,0.4475,3,Impact of 2018 EU Risk Minimisation Measures and Revised Pregnancy Prevention Programme on Utilisation and Prescribing Trends of Medicinal Products Containing Valproate: An Interrupted Time Series Study.
37277678,2023,0.5857,2,Factors Associated with Underreporting of Adverse Drug Reactions by Health Care Professionals: A Systematic Review Update.
37266905,2023,0.6118,3,Sustained Decline of Direct General Practitioner Reporting of Adverse Drug Reactions in Australia and Paucity in Details of Australian Reports in Safety Advisories.
37243963,2023,0.5897,2,Development and Application of an Active Pharmacovigilance Framework Based on Electronic Healthcare Records from Multiple Centers in Korea.
37223847,2023,0.4618,2,Expert Consensus on the Nephrotoxic Potential of 195 Medications in the Non-intensive Care Setting: A Modified Delphi Method.
37195560,2023,0.4006,2,"Safety and Effectiveness of Rasagiline in Chinese Patients with Parkinson's Disease: A Prospective, Multicenter, Non-interventional Post-marketing Study."
37133805,2023,0.2831,4,Long-Term Safety Analysis of the ChAdOx1-nCoV-19 Corona Virus Vaccine: Results from a Prospective Observational Study in Priority Vaccinated Groups in North India.
37131014,2023,0.4435,2,The Effect of Metformin on Chemotherapy-Induced Toxicities in Non-diabetic Breast Cancer Patients: A Randomised Controlled Study.
37131013,2023,0.5320,2,Impact of Lifestyle and Socioeconomic Position on the Association Between Non-steroidal Anti-inflammatory Drug Use and Major Adverse Cardiovascular Events: A Case-Crossover Study.
37131012,2023,0.5655,2,Identifying Safety Subgroups at Risk: Assessing the Agreement Between Statistical Alerting and Patient Subgroup Risk.
37106270,2023,0.4047,4,Cardiovascular Toxicities Associated with Anaplastic Lymphoma Kinase Inhibitors: A Disproportionality Analysis of the WHO Pharmacovigilance Database (VigiBase).
37103643,2023,0.4651,2,Safety of COVID-19 Vaccines Among the Paediatric Population: Analysis of the European Surveillance Systems and Pivotal Clinical Trials.
37099261,2023,0.4192,3,"Prenatal exposure to pregabalin, birth outcomes and neurodevelopment - a population-based cohort study in four Nordic countries."
37097426,2023,0.5771,2,Facilitators and Barriers to Uptake of the Med Safety Mobile App for Adverse Drug Reaction Reporting by Health Workers in Uganda: A Qualitative Study.
37087706,2023,0.3541,2,Maternal and Early-Life Exposure to Antibiotics and the Risk of Autism and Attention-Deficit Hyperactivity Disorder in Childhood: a Swedish Population-Based Cohort Study.
37087705,2023,0.5141,2,Quality of MedDRA® Coding in a Sample of COVID-19 Vaccine Medication Error Data.
37076609,2023,0.5711,2,Prevalence and Preventability of Adverse Medicine Events in a Sample of Australian Aged-Care Residents: A Secondary Analysis of Data from the ReMInDAR Trial.
37074598,2023,0.3034,2,"Implications of Non-Specific Effects for Testing, Approving, and Regulating Vaccines."
37046156,2023,0.6106,2,Drug-Drug Interactions and the Risk of Emergency Hospitalizations: A Nationwide Population-Based Study.
37043168,2023,0.2103,2,Validation of an ICD-9-Based Algorithm to Identify Stillbirth Episodes from Medicaid Claims Data.
37040044,2023,0.4384,2,"Real-World Monitoring of COVID-19 Vaccines: An Industry Expert View on the Successes, Challenges, and Future Opportunities."
37024736,2023,0.4183,3,Cohort Event Monitoring of Adverse Reactions to COVID-19 Vaccines in Seven European Countries: Pooled Results on First Dose.
36976448,2023,0.5246,2,Impact of European Union Label Changes for Fluoroquinolone-Containing Medicinal Products for Systemic and Inhalation Use: Post-Referral Prescribing Trends.
36976447,2023,0.5696,2,Core Data Elements for Pregnancy Pharmacovigilance Studies Using Primary Source Data Collection Methods: Recommendations from the IMI ConcePTION Project.
36828947,2023,0.3213,2,Early Detection of Adverse Drug Reaction Signals by Association Rule Mining Using Large-Scale Administrative Claims Data.
36826707,2023,0.4468,3,Use of Structured Electronic Health Records Data Elements for the Development of Computable Phenotypes to Identify Potential Adverse Events Associated with Intravenous Immunoglobulin Infusion.
36811814,2023,0.5462,2,Preventable Deaths Involving Medicines: A Systematic Case Series of Coroners' Reports 2013-22.
36811813,2023,0.3973,2,Adverse Events to SARS-CoV-2 (COVID-19) Vaccines and Policy Considerations that Inform the Funding of Safety Surveillance in Low- and Middle-Income Countries: A Mixed Methods Study.
36790561,2023,0.5641,3,Is PEGylation of Drugs Associated with Hypersensitivity Reactions? An Analysis of the Italian National Spontaneous Adverse Drug Reaction Reporting System.
36790560,2023,0.5499,3,What Factors Make EU Regulators Want to Communicate Drug Safety Issues Related to SGLT2 Inhibitors? An Online Survey Study.
36689131,2023,0.5389,2,Deliberate Self-Poisoning: Real-Time Characterization of Suicidal Habits and Toxidromes in the Food and Drug Administration Adverse Event Reporting System.
36682012,2023,0.2750,2,The COVID-19 Vaccines International Pregnancy Exposure Registry (C-VIPER): Protocol and Methodological Considerations.
36656445,2023,0.2946,2,"Development and Validation of ICD-10-CM-based Algorithms for Date of Last Menstrual Period, Pregnancy Outcomes, and Infant Outcomes."
36642778,2023,0.3795,3,Comparative Safety Analysis of Opioid Agonist Treatment in Pregnant Women with Opioid Use Disorder: A Population-Based Study.
36583828,2023,0.5485,2,Post-Authorization Safety Studies of Acute Liver Injury and Severe Complications of Urinary Tract Infection in Patients with Type 2 Diabetes Exposed to Dapagliflozin in a Real-World Setting.
36565374,2023,0.3930,3,Individual Case Safety Report Replication: An Analysis of Case Reporting Transmission Networks.
36562942,2023,0.4273,3,Effect of Previous Anticoagulant Treatment on Risk of COVID-19.
36547811,2023,0.5143,3,"Assessment of the Frequency, Phenotypes, and Outcomes of Acute Liver Injury Associated with Amoxicillin/Clavulanate in 1.4 Million Patients in the Veterans Health Administration."
36538238,2023,0.2751,2,Should Antidepressants be Avoided in Pregnancy?
36528670,2023,0.5217,3,Post-Authorization Safety Study of Hospitalization for Acute Kidney Injury in Patients with Type 2 Diabetes Exposed to Dapagliflozin in a Real-World Setting.
36522578,2023,0.5114,2,Colchicine Drug Interaction Errors and Misunderstandings: Recommendations for Improved Evidence-Based Management.
36517664,2023,0.4038,2,Mortality in Patients with Parkinson's Disease-Related Psychosis Treated with Pimavanserin Compared with Other Atypical Antipsychotics: A Cohort Study.
36469249,2023,0.5208,3,Signals of Adverse Drug Reactions Communicated by Pharmacovigilance Stakeholders: A Scoping Review of the Global Literature.
36460854,2023,0.5427,2,The Food and Drug Administration's (FDA's) Drug Safety Surveillance During the COVID-19 Pandemic.
36459374,2023,0.4933,2,"Weight Gain During Antipsychotic Treatment in Children, Adolescents, and Adults: A Disproportionality Analysis in the Global Pharmacovigilance Database, Vigibase®."
36400895,2022,0.5726,3,"Withdrawal Syndrome Following Discontinuation of 28 Antidepressants: Pharmacovigilance Analysis of 31,688 Reports from the WHO Spontaneous Reporting Database."
36396894,2023,0.4439,3,Development and Evaluation of the Algorithm CErtaInty Tool (ACE-IT) to Assess Electronic Medical Record and Claims-based Algorithms' Fit for Purpose for Safety Outcomes.
36369457,2023,0.5724,2,Potential Risk Factors of Drug-Related Problems in Hospital-Based Mental Health Units: A Systematic Review.
36369456,2023,0.3947,3,Fully Liquid MenACWY-CRM Vaccine: Results from an Integrated Safety Analysis.
36350465,2023,0.3038,2,Optimizing Safety Surveillance for COVID-19 Vaccines at the National Pharmacovigilance Centre Lareb: One Year of COVID-19 Vaccine Experience.
36319944,2022,0.5604,3,Detectability of Medication Errors With a STOPP/START-Based Medication Review in Older People Prior to a Potentially Preventable Drug-Related Hospital Admission.
36318419,2022,0.4953,2,Topiramate Utilization After Phentermine/Topiramate Approval for Obesity Management: Risk Minimization in the Era of Drug Repurposing.
36310331,2022,0.3205,2,Characterization of Serous Retinopathy Associated with Cobimetinib: Integrated Safety Analysis of Four Studies.
36289137,2023,0.3819,3,A Population-Based Study of SGLT2 Inhibitor-Associated Postoperative Diabetic Ketoacidosis in Patients with Type 2 Diabetes.
36287388,2023,0.5202,2,Compliance with Prescribing and Dispensing Conditions for Valproate and Related Substances in Girls and Women of Childbearing Potential: A Survey of Community Pharmacists in France.
36273375,2022,0.5054,2,Comparison of the MOdified NARanjo Causality Scale (MONARCSi) for Individual Case Safety Reports vs. a Reference Standard.
36227528,2022,0.4773,2,Gastrointestinal Bleeding on Oral Anticoagulation: What is Currently Known.
36198930,2022,0.4553,2,Network Analysis for Signal Detection in Spontaneous Adverse Event Reporting Database: Application of Network Weighting Normalization to Characterize Cardiovascular Drug Safety.
36192535,2022,0.5341,2,"Prevalence, Causes and Severity of Medication Administration Errors in the Neonatal Intensive Care Unit: A Systematic Review and Meta-Analysis."
36184720,2022,0.3155,2,mRNA (BNT162b2) and Inactivated (CoronaVac) COVID-19 Vaccination and Risk of Adverse Events and Acute Diabetic Complications in Patients with Type 2 Diabetes Mellitus: A Population-Based Study.
36151359,2022,0.4798,2,Safety of Apremilast in Patients with Psoriasis and Psoriatic Arthritis: Findings from the UK Clinical Practice Research Datalink.
36131124,2022,0.5854,2,Lost in Translation: A Multilingual Survey of Interlinguistic Variations in Terms Used in Pharmacovigilance.
36127547,2022,0.6126,3,"Medicine-Induced Acute Kidney Injury Findings from Spontaneous Reporting Systems, Sequence Symmetry Analysis and a Case-Control Study with a Focus on Medicines Used in Primary Care."
36121557,2022,0.5218,2,Efficacy and Safety of Anticoagulants in Patients with Atrial Fibrillation and History of Falls or Risk of Falls: A Systematic Review and Multilevel Meta-Analysis.
36112324,2022,0.5922,2,"Pediatric Drug Safety Surveillance: A 10-Year Analysis of Adverse Drug Reaction Reporting Data in Calabria, Southern Italy."
36107383,2022,0.4899,2,Factors Influencing Preferences and Responses Towards Drug Safety Communications: A Conjoint Experiment Among Hospital-Based Healthcare Professionals in the Netherlands.
36068430,2022,0.3343,2,High-Dose Intravenous Iron with Either Ferric Carboxymaltose or Ferric Derisomaltose: A Benefit-Risk Assessment.
36030299,2022,0.3861,2,A Prospective Observational Study on BBV152 Coronavirus Vaccine Use in Adolescents and Comparison with Adults: Interim Results of the First Real-World Safety Analysis.
36008634,2022,0.5084,2,Factors Contributing to Best Practices for Patient Involvement in Pharmacovigilance in Europe: A Stakeholder Analysis.
36006605,2022,0.4035,2,Therapeutic Management of Idiosyncratic Drug-Induced Liver Injury and Acetaminophen Hepatotoxicity in the Paediatric Population: A Systematic Review.
36001288,2022,0.4116,3,Prescribing Patterns of Codeine and Alternative Medicines in Children in Europe.
35978219,2022,0.5665,2,Analytical Approaches to Reduce Selection Bias in As-Treated Analyses with Missing In-Hospital Drug Information.
35972651,2022,0.4067,2,"Impact of Vaccine Hesitancy on Onset, Severity and Type of Self-reported Adverse Events: A French Cross-Sectional Survey."
35947343,2022,0.4072,2,Use of Electrocardiogram Monitoring in Adult Patients Taking High-Risk QT Interval Prolonging Medicines in Clinical Practice: Systematic Review and Meta-analysis.
35933649,2022,0.4283,2,Patient-Reported Reasons for Switching or Discontinuing Statin Therapy: A Mixed Methods Study Using Social Media.
35927605,2022,0.3616,2,Assessing Case Fatality on Cases of Thrombosis with Concurrent Thrombocytopenia Following COVID-19 Vaccine AstraZeneca (Vaxzevria) in the United Kingdom: A Review of Spontaneously Reported Data.
35909207,2022,0.5242,3,Cardiovascular Risks of Diclofenac Versus Other Older COX-2 Inhibitors (Meloxicam and Etodolac) and Newer COX-2 Inhibitors (Celecoxib and Etoricoxib): A Series of Nationwide Emulated Trials.
35908149,2022,0.3866,2,Differences in the Recurrence Rate of Immediate Adverse Drug Reactions According to the Components of Alternative Contrast Media: Analysis of Repetitive Computed Tomography Cases in a Single Tertiary Hospital.
35895225,2022,0.5211,2,A Review of Causal Inference for External Comparator Arm Studies.
35857191,2022,0.4618,3,Anti-tumor Necrosis Factor-Alpha Therapy and Hypoglycemia: A Real-World Pharmacovigilance Analysis.
35841469,2022,0.4583,2,"Impact of Policy Interventions on Oxycodone Prescribing in Queensland, Australia: An Uncontrolled Interrupted Time Series Study."
35840802,2022,0.3376,1,BAHAMA: A Bayesian Hierarchical Model for the Detection of MedDRA®-Coded Adverse Events in Randomized Controlled Trials.
35838875,2022,0.5181,2,Developing Strategic Recommendations for Implementing Smart Pumps in Advanced Healthcare Systems to Improve Intravenous Medication Safety.
35834155,2022,0.5667,3,A Disproportionality Analysis of Drug-Drug Interactions of Tizanidine and CYP1A2 Inhibitors from the FDA Adverse Event Reporting System (FAERS).
35831683,2022,0.4015,3,Kidney Damage and Stress Biomarkers for Early Identification of Drug-Induced Kidney Injury: A Systematic Review.
35829913,2022,0.5784,3,Post-Marketing Surveillance of CAR-T-Cell Therapies: Analysis of the FDA Adverse Event Reporting System (FAERS) Database.
35821561,2022,0.6169,2,Safety-Related Drug Withdrawals in China Between 1999 and 2021: A Systematic Investigation and Analysis.
35819751,2022,0.5174,2,Safety of Praziquantel and Albendazole Coadministration for the Control and Elimination of Schistosomiasis and Soil-Transmitted Helminths Among Children in Rwanda: An Active Surveillance Study.
35810265,2022,0.4890,2,Hip Fracture Risk After Treatment with Tramadol or Codeine: An Observational Study.
35794349,2022,0.4736,2,Combining Machine Learning with a Rule-Based Algorithm to Detect and Identify Related Entities of Documented Adverse Drug Reactions on Hospital Discharge Summaries.
35788539,2022,0.5100,2,"Prevalence of Use of Traditional, Complementary and Alternative Medicine by the General Population: A Systematic Review of National Studies Published from 2010 to 2019."
35788538,2022,0.4013,1,Pancreas and Adverse Drug Reactions: A Literature Review.
35788537,2022,0.5382,2,Short-Term Risk of Unintentional Poisoning After New Initiation of Central Nervous System Medications in Swedish Older Adults: A Register-Based Case-Crossover Study.
35761158,2022,0.5214,2,Incidence of Acute Renal Failure in Patients Using Levetiracetam Versus Other Antiseizure Medications: A Voluntary Post-Authorization Safety Study.
35737293,2022,0.2884,2,Signaling COVID-19 Vaccine Adverse Events.
35737292,2022,0.5570,2,Quantitative Prediction of Adverse Event Probability Due to Pharmacokinetic Interactions.
35729468,2022,0.5879,2,Collection of Data on Adverse Events Related to Medicinal Products: A Survey Among Registries in the ENCePP Resources Database.
35653017,2022,0.2562,2,Phenotype Algorithms for the Identification and Characterization of Vaccine-Induced Thrombotic Thrombocytopenia in Real World Data: A Multinational Network Cohort Study.
35650509,2022,0.4588,2,Montelukast and Nightmares: Further Characterisation Using Data from VigiBase.
35641849,2022,0.3150,1,"Incidence, Pathogenesis, and Management of Proton Pump Inhibitor-Induced Nephrotoxicity."
35610460,2022,0.4882,2,Amyotrophic Lateral Sclerosis as an Adverse Drug Reaction: A Disproportionality Analysis of the Food and Drug Administration Adverse Event Reporting System.
35608783,2022,0.6101,2,Analysis of Reports on Adverse Drug Reactions Related to Herbal Medicinal Products and Herbal Supplements in the Netherlands Received by the National Pharmacovigilance Centre Lareb.
35606623,2022,0.2767,2,"Chemobrain in Breast Cancer: Mechanisms, Clinical Manifestations, and Potential Interventions."
35579820,2022,0.4304,2,Supervised Machine Learning-Based Decision Support for Signal Validation Classification.
35579819,2022,0.5056,2,Leveraging Machine Learning to Facilitate Individual Case Causality Assessment of Adverse Drug Reactions.
35579818,2022,0.3496,3,Using Iterative Pairwise External Validation to Contextualize Prediction Model Performance: A Use Case Predicting 1-Year Heart Failure Risk in Patients with Diabetes Across Five Data Sources.
35579817,2022,0.4403,2,Automated Drug Coding Using Artificial Intelligence: An Evaluation of WHODrug Koda on Adverse Event Reports.
35579816,2022,0.5223,3,"Validation of Artificial Intelligence to Support the Automatic Coding of Patient Adverse Drug Reaction Reports, Using Nationwide Pharmacovigilance Data."
35579815,2022,0.4529,2,Identifying and Mitigating Potential Biases in Predicting Drug Approvals.
35579814,2022,0.4061,1,Artificial Intelligence-Based Pharmacovigilance in the Setting of Limited Resources.
35579813,2022,0.3790,2,"Applying Machine Learning in Distributed Data Networks for Pharmacoepidemiologic and Pharmacovigilance Studies: Opportunities, Challenges, and Considerations."
35579812,2022,0.4773,2,Artificial Intelligence Based on Machine Learning in Pharmacovigilance: A Scoping Review.
35579811,2022,0.4626,2,Machine Learning in Causal Inference: Application in Pharmacovigilance.
35579810,2022,0.3632,1,Intelligent Telehealth in Pharmacovigilance: A Future Perspective.
35579809,2022,0.3021,1,Industry Perspective on Artificial Intelligence/Machine Learning in Pharmacovigilance.
35579808,2022,0.3850,2,"""Artificial Intelligence"" for Pharmacovigilance: Ready for Prime Time?"
35579807,2022,0.3709,2,Black Swan Events and Intelligent Automation for Routine Safety Surveillance.
35579806,2022,0.2464,2,"Artificial Intelligence in Pharmacovigilance: An Introduction to Terms, Concepts, Applications, and Limitations."
35579805,2022,0.4805,1,Artificial Intelligence and Machine Learning for Safe Medicines.
35438459,2022,0.4864,2,Hydroxyzine Initiation Following Drug Safety Advisories on Cardiac Arrhythmias in the UK and Canada: A Longitudinal Cohort Study.
35389144,2022,0.5021,2,Consensus Obtained for the Nephrotoxic Potential of 167 Drugs in Adult Critically Ill Patients Using a Modified Delphi Method.
35386045,2022,0.4853,2,Drug-Induced Sexual Dysfunction: An Analysis of Reports to a National Pharmacovigilance Database.
35357659,2022,0.5343,2,A Landscape Analysis of Post-Marketing Studies Registered in the EU PAS Register and ClinicalTrials.gov Focusing on Pregnancy Outcomes or Breastfeeding Effects: A Contribution from the ConcePTION Project.
35349127,2022,0.6405,2,Handling of New Drug Safety Information in the Dutch Hospital Setting: A Mixed Methods Approach.
35314943,2022,0.3705,2,Description of Frequencies of Reported Adverse Events Following Immunization Among Four Different COVID-19 Vaccine Brands.
35305263,2022,0.4847,2,Intracranial Hemorrhage Following Anticoagulant Treatment in Denmark: Spontaneous Adverse Drug Reaction Reports Versus Real-World Data.
35298825,2022,0.4636,2,Postoperative Respiratory Events in Surgical Patients Exposed to Opioid Analgesic Shortages Compared to Fully Matched Patients Non-exposed to Shortages.
35297004,2022,0.3713,2,"Pregnancy, Fetal, and Infant Outcomes Following Maternal Exposure to Glatiramer Acetate During Pregnancy and Breastfeeding."
35247195,2022,0.3966,2,Drug-Drug Interaction of the Sodium Glucose Co-Transporter 2 Inhibitors with Statins and Myopathy: A Disproportionality Analysis Using Adverse Events Reporting Data.
35247194,2022,0.4984,2,Improving the Safety of Medicines via Digital Technology: An Assessment of the Scope and Quality of Risk Minimization Websites in the United States and United Kingdom.
35184258,2022,0.4963,2,Impact of Preventive Strategies on Gastrointestinal Complications in Elderly Patients on Concomitant Use of Oral Anticoagulants and Nonsteroidal Anti-Inflammatory Drugs: A Nationwide Cohort Study.
35182362,2022,0.5735,3,New Drug Postmarketing Requirements and Commitments in the US: A Systematic Review of the Evidence.
35179705,2022,0.4242,2,Cannabinoid-Related Acute Pancreatitis: An Update from International Literature and Individual Case Safety Reports.
35179704,2022,0.5408,2,High-Dimensional Propensity Score-Adjusted Case-Crossover for Discovering Adverse Drug Reactions from Computerized Administrative Healthcare Databases.
35113347,2022,0.7065,2,Sources of Evidence Triggering and Supporting Safety-Related Labeling Changes: A 10-Year Longitudinal Assessment of 22 New Molecular Entities Approved in 2008 by the US Food and Drug Administration.
35089582,2022,0.4989,2,The Extent of Medication-Related Hospital Admissions in Australia: A Review from 1988 to 2021.
35066803,2022,0.4883,3,"Sales of Over-the-Counter Products Containing Codeine in 31 Countries, 2013-2019: A Retrospective Observational Study."
35064899,2022,0.3498,2,Spontaneous Reporting to Regulatory Authorities of Suspected Adverse Drug Reactions to COVID-19 Vaccines Over Time: The Effect of Publicity.
35044637,2022,0.4188,2,β-Blockers and the Risk of Depression: A Matched Case-Control Study.
35025085,2022,0.3441,2,Cancer Chemotherapy-Induced Sinus Bradycardia: A Narrative Review of a Forgotten Adverse Effect of Cardiotoxicity.
35020178,2022,0.4892,2,Post-Marketing Safety Profile of Vortioxetine Using a Cluster Analysis and a Disproportionality Analysis of Global Adverse Event Reports.
35020177,2022,0.5643,3,"Use of Identical INN ""Imiglucerase"" for Different Drug Products: Impact Analysis of Adverse Events in a Proprietary Global Safety Database."
35015268,2022,0.3423,2,Review of Over 15 Years Postmarketing Safety Surveillance Spontaneous Data for the Human Rotavirus Vaccine (Rotarix) on Intussusception.
34932206,2022,0.5571,2,Patient Safety Incidents Related to the Use of Parenteral Nutrition in All Patient Groups: A Systematic Scoping Review.
34928484,2022,0.5055,2,"RELAY, Ramucirumab Plus Erlotinib Versus Placebo Plus Erlotinib in Patients with Untreated, Epidermal Growth Factor Receptor Mutation-Positive, Metastatic Non-Small-Cell Lung Cancer: Safety Profile and Manageability."
34881404,2022,0.5801,2,The Impact of Mandatory Reporting of Non-Serious Safety Reports to EudraVigilance on the Detection of Adverse Reactions.
34846701,2022,0.2929,2,A Review on Application of DNA Barcoding Technology for Rapid Molecular Diagnostics of Adulterants in Herbal Medicine.
34766251,2022,0.3771,2,Hybrid Method Incorporating a Rule-Based Approach and Deep Learning for Prescription Error Prediction.
34748199,2022,0.4969,3,The Risk of Preoperative Central Nervous System-Acting Medications on Delirium Following Hip or Knee Surgery: A Matched Case-Control Study.
34741752,2021,0.5056,2,"Mechanisms, Management and Prevention of Pemetrexed-Related Toxicity."
34739716,2021,0.3908,1,"COVID-19 Vaccination in Pregnancy, Paediatrics, Immunocompromised Patients, and Persons with History of Allergy or Prior SARS-CoV-2 Infection: Overview of Current Recommendations and Pre- and Post-Marketing Evidence for Vaccine Efficacy and Safety."
34716562,2022,0.4988,2,Safety of Intravenous Push Levetiracetam Compared to Intravenous Piggyback at a Tertiary Academic Medical Center: A Retrospective Analysis.
34714529,2022,0.4575,2,A 13-Year National Monitoring Study to Assess Narcotic Prescriptions and Indications (2007-2019).
34714528,2022,0.4193,2,Renin-Angiotensin-Aldosterone System Inhibitors and Risk of Acute Pancreatitis: A Population-Based Cohort Study.
34699023,2021,0.4842,2,Repeated or Continuous Medically Supervised Ketamine Administration Associated with Hepatobiliary Adverse Events: A Retrospective Case Series.
34694589,2021,0.3861,2,"Safety Profile of GSK's Inactivated Quadrivalent Seasonal Influenza Vaccine in Belgium, Germany and Spain: Passive Enhanced Safety Surveillance Study for the 2019/2020 Influenza Season."
34687446,2021,0.3899,3,"Long-Term Safety and Tolerability of Fremanezumab for Migraine Preventive Treatment in Japanese Outpatients: A Multicenter, Randomized, Open-Label Study."
34674190,2021,0.4254,2,Identifying Actionability as a Key Factor for the Adoption of 'Intelligent' Systems for Drug Safety: Lessons Learned from a User-Centred Design Approach.
34623626,2021,0.4336,2,The Effectiveness and Value of Written Medicine Information Across Asia and Africa: Systematic Review.
34622421,2021,0.2558,2,An Analysis of Spontaneously Reported Data of Vesicular and Bullous Cutaneous Eruptions Occurring Following Vaccination with the Adjuvanted Recombinant Zoster Vaccine.
34613596,2021,0.5406,2,Dispensing of Potentially Harmful Prescription Drugs in 1.8 Million Pregnant Women in France: A Nationwide Study Based on Two Risk Classification Systems.
34609720,2021,0.3941,2,Maternal Complications and Prescription Opioid Exposure During Pregnancy: Using Marginal Structural Models.
34609719,2021,0.3970,2,"Desloratadine Exposure and Incidence of Seizure: A Nordic Post-authorization Safety Study Using a New-User Cohort Study Design, 2001-2015."
34606062,2021,0.4210,2,Role of Drug-Gene Interactions and Pharmacogenetics in Simvastatin-Associated Pulmonary Toxicity.
34591264,2021,0.3080,2,Validating Claims-Based Algorithms Determining Pregnancy Outcomes and Gestational Age Using a Linked Claims-Electronic Medical Record Database.
34564829,2021,0.3683,2,Renal Safety of Hydroxyethyl starch 130/0.42 After Cardiac Surgery: A Retrospective Cohort Analysis.
34536187,2021,0.5305,3,Safety of Eslicarbazepine Acetate in Elderly Versus Non-Elderly Patients with Focal Seizures: From Pooled Data of Clinical Studies to 8 Years of Post-Marketing Experience.
34533782,2021,0.4493,2,Drug-Induced Liver Injury: Highlights and Controversies in the Recent Literature.
34528215,2021,0.6185,2,"Systematising Pharmacovigilance Engagement of Patients, Healthcare Professionals and Regulators: A Practical Decision Guide Derived from the International Risk Governance Framework for Engagement Events and Discourse."
34510389,2021,0.3861,2,Drug-Related Problems in Hospitalised Patients with Chronic Kidney Disease: A Systematic Review.
34498210,2021,0.6250,2,Surveillance of Antidepressant Safety (SADS): Active Signal Detection of Serious Medical Events Following SSRI and SNRI Initiation Using Big Healthcare Data.
34472048,2021,0.6077,1,"Eritrean Pharmacovigilance System: Key Strategies, Success Stories, Challenges and Lessons Learned."
34383289,2021,0.4294,2,Clinical Trial and Postmarketing Safety of Onasemnogene Abeparvovec Therapy.
34374967,2021,0.5158,2,Remdesivir in the COVID-19 Pandemic: An Analysis of Spontaneous Reports in VigiBase During 2020.
34368940,2021,0.5015,3,"Motives to Report Adverse Drug Reactions to the National Agency: A Survey Study among Healthcare Professionals and Patients in Croatia, The Netherlands, and the UK."
34347278,2021,0.3187,2,Cumulative Adverse Event Reporting of Anaphylaxis After mRNA COVID-19 Vaccine (Pfizer-BioNTech) Injections in Japan: The First-Month Report.
34339037,2021,0.4929,2,NSAIDs and COVID-19: A Systematic Review and Meta-analysis.
34331675,2021,0.5375,2,Smart Safety Surveillance (3S): Multi-Country Experience of Implementing the 3S Concepts and Principles.
34331260,2021,0.5896,2,A Scoping Review of Non-Medical and Extra-Medical Use of Non-Steroidal Anti-Inflammatory Drugs (NSAIDs).
34322863,2021,0.5306,2,Study of Natural Products Adverse Reactions (SONAR) in Adults with Mental Health Conditions: A Cross-Sectional Study.
34296384,2021,0.4913,2,Use of Primary Care Data in Research and Pharmacovigilance: Eight Scenarios Where Prescription Data are Absent.
34273099,2021,0.5913,2,Is There an Increased Risk of Hepatotoxicity with Metamizole? A Comparative Cohort Study in Incident Users.
34260043,2021,0.3880,2,Bayesian Modeling for the Detection of Adverse Events Underreporting in Clinical Trials.
34236595,2021,0.5582,2,"Cardiovascular Risk in Users of Mirabegron Compared with Users of Antimuscarinic Treatments for Overactive Bladder: Findings from a Non-Interventional, Multinational, Cohort Study."
34224091,2021,0.6099,2,"Prevalence, Nature, Severity and Preventability of Adverse Drug Events in Mental Health Settings: Findings from the MedicAtion relateD harm in mEntal health hospitals (MADE) Study."
34148223,2021,0.3927,2,Augmenting Product Defect Surveillance Through Web Crawling and Machine Learning in Singapore.
34145536,2021,0.5018,3,Immune Checkpoint Inhibitors and Cardiotoxicity: An Analysis of Spontaneous Reports in Eudravigilance.
34129206,2021,0.5187,2,Patient Global Impression of Benefit-Risk (PGI-BR): Incorporating Patients' Views of Clinical Benefit-Risk into Assessment of New Medicines.
34120321,2021,0.4640,3,Reporting of Thromboembolic Events with JAK Inhibitors: Analysis of the FAERS Database 2010-2019.
34115324,2021,0.3471,3,Safety Profile of the Adjuvanted Recombinant Zoster Vaccine in Immunocompromised Populations: An Overview of Six Trials.
34100263,2021,0.3516,3,Association Between Prenatal Opioid Exposure and Neurodevelopmental Outcomes in Early Childhood: A Retrospective Cohort Study.
34091881,2021,0.4421,2,Capturing Data in Rare Disease Registries to Support Regulatory Decision Making: A Survey Study Among Industry and Other Stakeholders.
34080177,2021,0.3692,2,Monitoring and Managing Lorlatinib Adverse Events in the Portuguese Clinical Setting: A Position Paper.
34075572,2021,0.5249,2,Signal Detection and Methodological Limitations in a Real-World Registry: Learnings from the Evaluation of Long-Term Safety Analyses in PSOLAR.
34041702,2021,0.4875,3,The Safety Profile of Upadacitinib in Patients with Rheumatoid Arthritis in Japan.
34014506,2021,0.4630,3,"Risk of Severe Abnormal Uterine Bleeding Associated with Rivaroxaban Compared with Apixaban, Dabigatran and Warfarin."
33993430,2021,0.6668,1,Enhancing Pharmacovigilance from the US Experience: Current Practices and Future Opportunities.
33988833,2021,0.5327,2,Risk Minimization of Antibody-Drug Conjugates in Oncology: A Review.
33970448,2021,0.3921,2,Risk of Pregnancy Termination and Congenital Anomalies After Domperidone Exposure: A Study in the EFEMERIS Database.
33970447,2021,0.4517,2,"Comparison of Longitudinal and Cross-Sectional Approaches in Studies About Knowledge, Attitude, and Practices Related to Antibiotic Misuse."
33966183,2021,0.4385,2,Signal Detection in EUROmediCAT: Identification and Evaluation of Medication-Congenital Anomaly Associations and Use of VigiBase as a Complementary Source of Reference.
33961212,2021,0.6393,2,The Role of the Contextual Cohort to Resolve Some Challenges and Limitations of Comparisons in Pharmacoepidemiology.
33959899,2021,0.4787,2,Emerging Skin Toxicities in Patients with Breast Cancer Treated with New Cyclin-Dependent Kinase 4/6 Inhibitors: A Systematic Review.
33904111,2021,0.5013,2,A Multi-modal Approach to Evaluate the Impact of Risk Evaluation and Mitigation Strategy (REMS) Programs.
33864232,2021,0.4646,3,Safety and Efficacy of Ivermectin and Doxycycline Monotherapy and in Combination in the Treatment of COVID-19: A Scoping Review.
33837924,2021,0.6732,3,The Use of Subgroup Disproportionality Analyses to Explore the Sensitivity of a Global Database of Individual Case Safety Reports to Known Pharmacogenomic Risk Variants Common in Japan.
33826081,2021,0.5474,2,Population-Based Observational Study of Adverse Drug Event-Related Mortality in the Super-Aged Society of Japan.
33725335,2021,0.4306,2,Overview of Causality Assessment for Drug-Induced Liver Injury (DILI) in Clinical Trials.
33683646,2021,0.4085,2,Real-World Fetal Exposure to Acne Treatments in the United States: A Retrospective Analysis from 2006 to 2015.
33666901,2021,0.5399,2,Provision and Need for Medicine Information in Asia and Africa: A Scoping Review of the Literature.
33666900,2021,0.3767,2,Safety of S1P Modulators in Patients with Immune-Mediated Diseases: A Systematic Review and Meta-Analysis.
33651368,2021,0.4733,3,Comparative Risk Assessment of Severe Uterine Bleeding Following Exposure to Direct Oral Anticoagulants: A Network Study Across Four Observational Databases in the USA.
33638811,2021,0.3889,2,Liver Injury Associated with Metamizole Exposure: Features of an Underestimated Adverse Event.
33620701,2021,0.5866,3,Clinical Utility of Pharmacogenomic Data Collected by a Health-System Biobank to Predict and Prevent Adverse Drug Events.
33616888,2021,0.4944,3,Comparison of Medication Alerts from Two Commercial Applications in the USA.
33606202,2021,0.3826,3,Identification and Validation of Major Cardiovascular Events in the United Kingdom Data Sources Included in a Multi-database Post-authorization Safety Study of Prucalopride.
33606201,2021,0.6919,3,Assessing the Impact on Health of Pharmacovigilance Activities: Example of Four Safety Signals.
33582973,2021,0.5531,2,Public Perspectives of Using Social Media Data to Improve Adverse Drug Reaction Reporting: A Mixed-Methods Study.
33575980,2021,0.4338,2,Anticholinergic Activity of Psychotropic Drugs and Cognitive Impairment Among Participants Aged 45 and Over: The CONSTANCES Study.
33565024,2021,0.5559,2,Risk Management for the 21st Century: Current Status and Future Needs.
33548020,2021,0.3522,3,Safety of As-Needed Budesonide-Formoterol in Mild Asthma: Data from the Two Phase III SYGMA Studies.
33538994,2021,0.5251,2,Adverse Drug Reactions from Real-World Data in Inflammatory Bowel Disease Patients in the IBDREAM Registry.
33527177,2021,0.4882,2,Upadacitinib in Rheumatoid Arthritis: A Benefit-Risk Assessment Across a Phase III Program.
33523400,2021,0.3528,2,Validating Intelligent Automation Systems in Pharmacovigilance: Insights from Good Manufacturing Practices.
33462778,2021,0.2542,2,Incidence Rates of Autoimmune Diseases in European Healthcare Databases: A Contribution of the ADVANCE Project.
33462777,2021,0.3714,3,"Evaluation of the Risk of Inflammatory Bowel Disease after the HPV Vaccination in Primary Care in Spain: A Time-Varying Cohort Analysis of Around 390,000 Girls."
33372244,2021,0.5506,1,French Pharmacovigilance Public System and COVID-19 Pandemic.
33367975,2021,0.3543,2,The DIANA Study: Continued Access to Darunavir/Ritonavir (DRV/r) and Long-Term Safety Follow-Up in HIV-1-Infected Pediatric Patients Aged 3 to < 18 Years.
33355904,2021,0.5735,2,Dissemination of Direct Healthcare Professional Communications on Medication Errors for Medicinal Products in the EU: An Explorative Study on Relevant Factors.
33354753,2021,0.4800,3,Global Safety Database Summary of COVID-19-Related Drug Utilization-Safety Surveillance: A Sponsor's Perspective.
33354752,2021,0.3625,3,A Systematic Review and Meta-Analysis Considering the Risk for Congenital Heart Defects of Antidepressant Classes and Individual Antidepressants.
33354751,2021,0.4589,2,Developing Crowdsourced Training Data Sets for Pharmacovigilance Intelligent Automation.
33351170,2021,0.4623,2,PCSK9 Inhibitors and Neurocognitive Adverse Drug Reactions: Analysis of Individual Case Safety Reports from the Eudravigilance Database.
33326056,2021,0.3976,1,Safety of N-Acetylcysteine at High Doses in Chronic Respiratory Diseases: A Review.
33289904,2021,0.5767,2,Effective Pharmacovigilance System Development: EFPIA-IPVG Consensus Recommendations.
33258068,2021,0.4789,2,Evaluation of Opioid Overdose Reports in Patients Treated with Extended-Release Naltrexone: Postmarketing Data from 2006 to 2018.
33247391,2021,0.4909,3,Risk of Cancer in Association with Ranitidine and Nizatidine vs Other H2 Blockers: Analysis of the Japan Medical Data Center Claims Database 2005-2018.
33237523,2021,0.4385,3,Frequency and Associated Costs of Anaphylaxis- and Hypersensitivity-Related Adverse Events for Intravenous Iron Products in the USA: An Analysis Using the US Food and Drug Administration Adverse Event Reporting System.
33206339,2021,0.5177,3,Changes in Erythropoiesis Stimulating Agent Use Under a Risk Evaluation and Mitigation Strategy (REMS) Program.
33180265,2021,0.4237,3,Efficacy and Safety of Bevacizumab Plus Oxaliplatin- or Irinotecan-Based Doublet Backbone Chemotherapy as the First-Line Treatment of Metastatic Colorectal Cancer: A Systematic Review and Meta-analysis.
33175336,2021,0.4449,2,Real-World Data on Nonmedical Use of Tramadol from Patients Evaluated for Substance Abuse Treatment in the NAVIPPRO Addiction Severity Index-Multimedia Version (ASI-MV®) Network.
33141341,2021,0.3739,3,"Consensus Guidelines: Best Practices for Detection, Assessment and Management of Suspected Acute Drug-Induced Liver Injury During Clinical Trials in Adults with Chronic Viral Hepatitis and Adults with Cirrhosis Secondary to Hepatitis B, C and Nonalcoholic Steatohepatitis."
33128697,2021,0.5167,2,An Algorithm for Comprehensive Medication Management in Nursing Homes: Results of the AMBER Project.
33125664,2021,0.5478,2,Proposals for Engaging Patients and Healthcare Professionals in Risk Minimisation from an Analysis of Stakeholder Input to the EU Valproate Assessment Using the Novel Analysing Stakeholder Safety Engagement Tool (ASSET).
33125663,2021,0.5416,2,Patterns of Benzodiazepine Use and Excess Risk of All-Cause Mortality in the Elderly: A Nationwide Cohort Study.
33104975,2021,0.4664,3,Use of Hydrochlorothiazide and Risk of Melanoma and Nonmelanoma Skin Cancer.
33098059,2021,0.4954,2,Chances and Challenges of Registry-Based Pharmacovigilance in Multiple Sclerosis: Lessons Learnt from the Implementation of the Multicenter REGIMS Registry.
33095409,2020,0.3955,2,"Potential Safety Issues with Use of Sodium-Glucose Cotransporter 2 Inhibitors, Particularly in People with Type 2 Diabetes and Chronic Kidney Disease."
33094442,2021,0.5175,2,Patient-Reported Adverse Events of Radiopharmaceuticals: A Prospective Study of 1002 Patients.
33078372,2020,0.4876,2,Psychiatric Disorders and Hydroxychloroquine for Coronavirus Disease 2019 (COVID-19): A VigiBase Study.
33048319,2021,0.4337,2,Adverse Drug Reaction Reporting Using a Mobile Device Application by Persons with Multiple Sclerosis: A Cluster Randomized Controlled Trial.
33026641,2021,0.4751,1,"Artificial Intelligence, Real-World Automation and the Safety of Medicines."
33006728,2021,0.6049,2,ADE Eval: An Evaluation of Text Processing Systems for Adverse Event Extraction from Drug Labels for Pharmacovigilance.
33001380,2021,0.5555,2,"A Comparative View of Reported Adverse Effects of Statins in Social Media, Regulatory Data, Drug Information Databases and Systematic Reviews."
33000427,2021,0.4870,2,Introduction or Discontinuation of Additional Risk Minimisation Measures During the Life Cycle of Medicines in Europe.
32997318,2020,0.3031,1,Assessing the Safety of COVID-19 Vaccines: A Primer.
32989664,2021,0.5199,2,Patient Organizations' Barriers in Pharmacovigilance and Strategies to Stimulate Their Participation.
32978702,2020,0.4643,2,Sex Differences in Reported Adverse Drug Reactions to COVID-19 Drugs in a Global Database of Individual Case Safety Reports.
32975740,2020,0.6397,2,Community Pharmacists' Views and Experiences with ADR Reporting for Complementary Medicines: A Qualitative Study in New Zealand.
32926356,2020,0.4222,3,The Potential Teratogenicity Alert for Women Conceiving on Dolutegravir-Based Regimens: An Assessment of Risk Communication by an Urban HIV Clinic in Uganda and Choices made by Women.
32918682,2020,0.4351,2,Benefit-Risk Assessment of Vaccines. Part II: Proposal Towards Consolidated Standards of Reporting Quantitative Benefit-Risk Models Applied to Vaccines (BRIVAC).
32914292,2020,0.3917,2,Benefit-Risk Assessment of Vaccines. Part I: A Systematic Review to Identify and Describe Studies About Quantitative Benefit-Risk Models Applied to Vaccines.
32862397,2020,0.3226,2,Post-Marketing Safety Surveillance for the Adjuvanted Recombinant Zoster Vaccine: Methodology.
32857333,2020,0.5165,2,Current Evidence on Abuse and Misuse of Gabapentinoids.
32852721,2020,0.4190,3,"Renin-Angiotensin-Aldosterone System Inhibitors and Risk of Death in Patients Hospitalised with COVID-19: A Retrospective Italian Cohort Study of 43,000 Patients."
32851583,2020,0.6060,3,"Safety of the Geneva Cocktail, a Cytochrome P450 and P-Glycoprotein Phenotyping Cocktail, in Healthy Volunteers from Three Different Geographic Origins."
32844313,2021,0.4650,3,"Understanding and Responding to Prescribing Patterns of Sodium Valproate-Containing Medicines in Pregnant Women and Women of Childbearing Age in Western Cape, South Africa."
32797355,2020,0.3656,2,Human-Based Errors Involving Smart Infusion Pumps: A Catalog of Error Types and Prevention Strategies.
32794123,2020,0.3515,2,"Temelimab, an IgG4 Anti-Human Endogenous Retrovirus Monoclonal Antibody: An Early Development Safety Review."
32789821,2020,0.3780,2,E-Learning in Pharmacovigilance: An Evaluation of Microlearning-Based Modules Developed by Uppsala Monitoring Centre.
32749630,2020,0.4434,3,Ipilimumab-Induced Enterocolitis: A Systematic Review and Meta-Analysis.
32748236,2020,0.4601,3,Liver Injury with Ulipristal Acetate: Exploring the Underlying Pharmacological Basis.
32734423,2020,0.3675,2,Anticoagulant Use and Bleeding Risk in Central European Patients with Idiopathic Pulmonary Fibrosis (IPF) Treated with Antifibrotic Therapy: Real-World Data from EMPIRE.
32705447,2020,0.4727,2,Pharmaceutical Benefit-Risk Perception and Age Differences in the USA and Germany.
32696429,2020,0.2990,2,"Azithromycin in COVID-19 Patients: Pharmacological Mechanism, Clinical Evidence and Prescribing Guidelines."
32681439,2020,0.6096,2,A Feasibility Study of Drug-Drug Interaction Signal Detection in Regular Pharmacovigilance.
32651945,2020,0.4592,2,Use of Pregabalin and Worsening Heart Failure: A Nationwide Cohort Study.
32647996,2020,0.4099,2,An Evaluation of Postmarketing Reports of Serious Idiosyncratic Liver Injury Associated with Ulipristal Acetate for the Treatment of Uterine Fibroids.
32617874,2020,0.4669,2,Interstitial Lung Disease as an Adverse Drug Reaction in Japan: Exploration of Regulatory Actions as a Basis for High Reporting.
32613596,2020,0.2999,2,Determining Which of Several Simultaneously Administered Vaccines Increase Risk of an Adverse Event.
32613595,2020,0.3666,2,Neuroprotective Cationic Arginine-Rich Peptides (CARPs): An Assessment of Their Clinical Safety.
32602065,2020,0.4589,4,Safety Profile of Ceftazidime-Avibactam: Pooled Data from the Adult Phase II and Phase III Clinical Trial Programme.
32596765,2020,0.5425,2,"Evaluation of a Web-Based, 'Purchase Event' Intensive Monitoring Method for Pharmacovigilance of Natural Health Products: Lessons and Insights from Development Work in New Zealand."
32594454,2020,0.4446,3,Onapristone Extended Release: Safety Evaluation from Phase I-II Studies with an Emphasis on Hepatotoxicity.
32578157,2020,0.5236,2,Detecting Medicine Safety Signals Using Prescription Sequence Symmetry Analysis of a National Prescribing Data Set.
32578156,2020,0.4798,3,Lopinavir-Ritonavir in the Treatment of COVID-19: A Dynamic Systematic Benefit-Risk Assessment.
32572842,2020,0.5054,2,"The Impact of the COVID-19 ""Infodemic"" on Drug-Utilization Behaviors: Implications for Pharmacovigilance."
32564242,2020,0.6510,2,Risk Factor Considerations in Statistical Signal Detection: Using Subgroup Disproportionality to Uncover Risk Groups for Adverse Drug Reactions in VigiBase.
32557348,2020,0.4772,3,"Comparative Outcomes Between Direct Oral Anticoagulants, Warfarin, and Antiplatelet Monotherapy Among Chinese Patients with Atrial Fibrillation: A Population-Based Cohort Study."
32557181,2020,0.5181,3,Association Between Intravitreal Aflibercept and Serious Non-ocular Haemorrhage Compared with Intravitreal Ranibizumab: A Multicentre Observational Cohort Study.
32557180,2020,0.4834,2,"The Effect of Positively Framing Side-Effect Risk in Two Different Formats on Side-Effect Expectations, Informed Consent and Credibility: A Randomised Trial of 16- to 75-Year-Olds in England."
32557179,2020,0.5024,2,Use of Social Media for Pharmacovigilance Activities: Key Findings and Recommendations from the Vigi4Med Project.
32533433,2020,0.5074,3,Thromboembolic Safety Reporting of Tofacitinib and Baricitinib: An Analysis of the WHO VigiBase.
32500272,2020,0.5373,2,"Channeling Bias in the Analysis of Risk of Myocardial Infarction, Stroke, Gastrointestinal Bleeding, and Acute Renal Failure with the Use of Paracetamol Compared with Ibuprofen."
32500271,2020,0.5484,2,Drug Safety in Geriatric Patients: Current Status and Proposed Way Forward.
32495148,2020,0.4801,2,A New Drug-Drug Interaction Between Hydroxychloroquine and Metformin? A Signal Detection Study.
32468196,2020,0.4902,3,Remdesivir in Treatment of COVID-19: A Systematic Benefit-Risk Assessment.
32451974,2020,0.4384,2,Patient-Reported Burden of Adverse Drug Reactions Attributed to Biologics Used for Immune-Mediated Inflammatory Diseases.
32447743,2020,0.3721,4,Pregnancy Outcomes During the Clinical Development Program of Cladribine in Multiple Sclerosis: An Integrated Analysis of Safety.
32445187,2020,0.3687,2,Information Visualization Platform for Postmarket Surveillance Decision Support.
32440847,2020,0.4856,2,A Framework for Methodological Choice and Evidence Assessment for Studies Using External Comparators from Real-World Data.
32418193,2020,0.4815,2,Communicating Adverse Drug Reaction Insights Through Patient Organizations: Experiences from a Pilot Study in the Netherlands.
32410156,2020,0.3090,2,Prospective Evaluation of Adverse Event Recognition Systems in Twitter: Results from the Web-RADR Project.
32399868,2020,0.2216,1,Pathophysiology of Drug-Induced Hypomagnesaemia.
32385840,2020,0.2605,2,Combining Social Media and FDA Adverse Event Reporting System to Detect Adverse Drug Reactions.
32367507,2020,0.4876,2,"Critical Assessment of Pharmacokinetic Drug-Drug Interaction Potential of Tofacitinib, Baricitinib and Upadacitinib, the Three Approved Janus Kinase Inhibitors for Rheumatoid Arthritis Treatment."
32358698,2020,0.4497,3,Effect of Bempedoic Acid on Serum Uric Acid and Related Outcomes: A Systematic Review and Meta-analysis of the available Phase 2 and Phase 3 Clinical Studies.
32328907,2020,0.4618,2,"Oxycodone, Hydromorphone, and the Risk of Suicide: A Retrospective Population-Based Case-Control Study."
32306223,2020,0.4320,2,DPP-4 Inhibitors in Combination with Lipid-Lowering Agents and Risk of Serious Muscular Injury: A Nested Case-Control Study in a Nationwide Cohort of Patients with Type 2 Diabetes Mellitus.
32297160,2020,0.2464,1,Erice Call for Change: Utilising Patient Experiences to Enhance the Quality and Safety of Healthcare.
32274687,2020,0.4441,2,Evidence of Clinically Meaningful Drug-Drug Interaction With Concomitant Use of Colchicine and Clarithromycin.
32242310,2020,0.2338,2,"Safety of Eosinophil-Depleting Therapy for Severe, Eosinophilic Asthma: Focus on Benralizumab."
32239447,2020,0.3982,2,Enhancing Pharmacovigilance in Sub-Saharan Africa Through Training and Mentoring: A GSK Pilot Initiative in Malawi.
32212054,2020,0.5534,2,Drug Safety Issues Covered by Lay Media: A Cohort Study of Direct Healthcare Provider Communications Sent between 2001 and 2015 in The Netherlands.
32180134,2020,0.4391,2,"Rates and Costs of Dispensing Naloxone to Patients at High Risk for Opioid Overdose in the United States, 2014-2018."
32166617,2020,0.4704,2,Patterns of Inpatient Antibiotic Use Among Public Hospitals in Hong Kong from 2000 to 2015.
32146702,2020,0.5436,2,Fluoroquinolone-Induced Photosensitivity: A Chemical Fragment-Based Approach by a Case/Non-case Study in VigiBase®.
32125666,2020,0.6252,2,Prevalence and Nature of Medication Errors and Medication-Related Harm Following Discharge from Hospital to Community Settings: A Systematic Review.
32124266,2020,0.3758,2,Identifying Drugs Inducing Prematurity by Mining Claims Data with High-Dimensional Confounder Score Strategies.
32112228,2020,0.6150,1,Leveraging Human Genetics to Identify Safety Signals Prior to Drug Marketing Approval and Clinical Use.
32048185,2020,0.4460,2,Sex Differences in Adverse Drug Reactions of Metformin: A Longitudinal Survey Study.
32034700,2020,0.4601,2,Benzodiazepine Use and Risk of Acute Angle-Closure Glaucoma: A Population-Based Case-Crossover Study.
32020559,2020,0.4484,3,"Investigating Overlap in Signals from EVDAS, FAERS, and VigiBase®."
32020558,2020,0.6412,2,Quality of Reporting on the Evaluation of Risk Minimization Programs: A Systematic Review.
32008183,2020,0.5716,3,Disproportionality Analysis for Pharmacovigilance Signal Detection in Small Databases or Subsets: Recommendations for Limiting False-Positive Associations.
32006348,2020,0.5656,3,An Integrated Analysis of the Safety of Tofacitinib in Psoriatic Arthritis across Phase III and Long-Term Extension Studies with Comparison to Real-World Observational Data.
31997289,2020,0.4828,2,Adverse Events in Twitter-Development of a Benchmark Reference Dataset: Results from IMI WEB-RADR.
31981082,2020,0.5853,2,An Evaluation of Postmarketing Reports with an Outcome of Death in the US FDA Adverse Event Reporting System.
31981081,2020,0.2805,2,Hyperkeratotic Skin Adverse Events Induced by Anticancer Treatments: A Comprehensive Review.
31974775,2020,0.6308,2,Contribution of Causality Assessment for an Automated Detection of Safety Signals: An Example Using the French Pharmacovigilance Database.
31939079,2020,0.4192,2,Developing Predictive Models to Determine Patients in End-of-Life Care in Administrative Datasets.
31927716,2020,0.3583,3,"Cardiac Safety of the Trastuzumab Biosimilar ABP 980 in Women with HER2-Positive Early Breast Cancer in the Randomized, Double-Blind, Active-Controlled LILAC Study."
31919794,2020,0.6510,2,"Comparative Assessment of the National Pharmacovigilance Systems in East Africa: Ethiopia, Kenya, Rwanda and Tanzania."
31916082,2020,0.4940,2,Patient-Reported Adverse Events of Radiopharmaceuticals: Development and Validation of a Questionnaire.
31916081,2020,0.4423,2,Utility of a Computerized ICD-10 Algorithm to Identify Idiosyncratic Drug-Induced Liver Injury Cases in the Electronic Medical Record.
31916080,2020,0.5817,2,Coronary Risks Associated with Diclofenac and Other NSAIDs: An Update.
31912439,2020,0.5587,2,Towards Automating Adverse Event Review: A Prediction Model for Case Report Utility.
31907854,2020,0.3492,2,Spontaneous Fluctuations in Liver Biochemistries in Patients with Compensated NASH Cirrhosis: Implications for Drug Hepatotoxicity Monitoring.
31884676,2020,0.3655,2,"Brand-Specific Enhanced Safety Surveillance of GSK's Quadrivalent Seasonal Influenza Vaccine in Belgium, Germany and Spain for the 2018/2019 Season."
31872358,2020,0.4704,2,The UK BIO-TRAC Study: A Cross-Sectional Study of Product and Batch Traceability for Biologics in Clinical Practice and Electronic Adverse Drug Reaction Reporting in the UK.
31863282,2020,0.4402,3,Hypoglycemia Associated with Antibiotics Alone and in Combination with Sulfonylureas and Meglitinides: An Epidemiologic Surveillance Study of the FDA Adverse Event Reporting System (FAERS).
31848933,2020,0.4820,3,A Post-Authorization Safety Study of Quetiapine as Antidepressant Treatment in Sweden: Nested Case-Control Analyses of Select Outcomes.
31845212,2020,0.4082,2,"Medical Devices: Definition, Classification, and Regulatory Implications."
31838652,2020,0.3450,2,The Use of Long-Acting Insulin Analogs and the Risk of Colorectal Cancer Among Patients with Type 2 Diabetes: A Population-Based Cohort Study.
31776845,2020,0.2751,1,Drug-Induced Hypophosphatemia: Current Insights.
31749126,2020,0.5928,2,"Fatal Toxicity Indices for Medicine-Related Deaths in New Zealand, 2008-2013."
31721138,2020,0.3524,2,Prenatal Exposure to Macrolides and Risk of Congenital Malformations: A Meta-Analysis.
31696432,2019,0.4930,2,Rheumatology Common Toxicity Criteria (RCTC): An Update Reflecting Real-World Use.
31691257,2020,0.4393,2,Medical Devices: Classification and Analysis of Faults Leading to Harms.
31691256,2020,0.4788,3,Comparing Acute Kidney Injury Reports Among Antibiotics: A Pharmacovigilance Study of the FDA Adverse Event Reporting System (FAERS).
31691255,2020,0.5360,2,"Effectiveness of Risk Minimization Measures for Fentanyl Buccal Tablet (FENTORA) in Canada: A Mixed-Methods Evaluation Using Surveys, Medical Chart Records and Web Surveillance."
31679129,2020,0.5023,2,Development and First Use of the Patient's Qualitative Assessment of Treatment (PQAT) Questionnaire in Type 2 Diabetes Mellitus to Explore Individualised Benefit-Harm of Drugs Received During Clinical Studies.
31677004,2020,0.2995,2,Exposure to Infliximab During Pregnancy: Post-Marketing Experience.
31654243,2019,0.4225,2,Benefit-Risk Assessment of Alogliptin for the Treatment of Type 2 Diabetes Mellitus.
31646442,2020,0.5145,2,Complementing Observational Signals with Literature-Derived Distributed Representations for Post-Marketing Drug Surveillance.
31630381,2020,0.4202,2,Occurrences and Outcomes of Immune Checkpoint Inhibitors-Induced Vitiligo in Cancer Patients: A Retrospective Cohort Study.
31617081,2020,0.6314,2,Description of the Risk Management of Medication Errors for Centrally Authorised Products in the European Union.
31617080,2020,0.4406,2,"Exploratory Study of Signals for Asthma Drugs in Children, Using the EudraVigilance Database of Spontaneous Reports."
31605285,2020,0.5012,2,Application of Augmented Intelligence for Pharmacovigilance Case Seriousness Determination.
31598933,2019,0.3649,2,Psoriasis After Exposure to Angiotensin-Converting Enzyme Inhibitors: French Pharmacovigilance Data and Review of the Literature.
31587137,2020,0.4814,3,Adverse Events Associated with Cumulative Corticosteroid Use in Patients with Castration-Resistant Prostate Cancer: An Administrative Claims Analysis.
31583644,2020,0.5262,2,Reported Severe Hypersensitivity Reactions after Intravenous Iron Administration in the European Economic Area (EEA) Before and After Implementation of Risk Minimization Measures.
31559542,2019,0.5757,3,"Data-Driven Identification of Adverse Event Reporting Patterns for Japan in VigiBase, the WHO Global Database of Individual Case Safety Reports."
31556019,2019,0.4625,2,Measuring the Effectiveness of Safety Warnings on the Risk of Stroke in Older Antipsychotic Users: A Nationwide Cohort Study in Two Large Electronic Medical Records Databases in the United Kingdom and Italy.
31552603,2019,0.5007,1,Comparative Effectiveness and Safety of Direct Oral Anticoagulants: Overview of Systematic Reviews.
31452075,2019,0.4518,2,Transparent Reporting on Research Using Unstructured Electronic Health Record Data to Generate 'Real World' Evidence of Comparative Effectiveness and Safety.
31446567,2019,0.4977,1,Recommendations for the Use of Social Media in Pharmacovigilance: Lessons from IMI WEB-RADR.
31410745,2019,0.5734,2,Prevalence and Nature of Medication Errors and Preventable Adverse Drug Events in Paediatric and Neonatal Intensive Care Settings: A Systematic Review.
31372935,2019,0.3593,2,The Association between Metformin Therapy and Lactic Acidosis.
31368080,2019,0.4720,4,A Novel Approach to Visualize Risk Minimization Effectiveness: Peeping at the 2012 UK Proton Pump Inhibitor Label Change Using a Rapid Cycle Analysis Tool.
31321714,2019,0.4741,2,Non-Vitamin K Antagonist Oral Anticoagulants and Angioedema: A Cohort and Case-Crossover Study.
31302896,2019,0.4621,2,Patient Registries: An Underused Resource for Medicines Evaluation : Operational proposals for increasing the use of patient registries in regulatory assessments.
31302895,2019,0.6851,2,Multimodal Analysis of FDA Drug Safety Communications: Lessons from Zolpidem.
31290127,2019,0.5028,2,Prevalence of Medication Errors Among Paediatric Inpatients: Systematic Review and Meta-Analysis.
31240688,2019,0.4172,3,Evaluating Renal Stress Using Pharmacokinetic Urinary Biomarker Data in Critically Ill Patients Receiving Vancomycin and/or Piperacillin-Tazobactam: A Secondary Analysis of the Multicenter Sapphire Study.
31240687,2019,0.3736,2,Androgen Deprivation Therapy for Prostate Cancer and the Risk of Rheumatoid Arthritis: A Population-Based Cohort Study.
31228010,2019,0.4705,3,Effectiveness and Safety of Switching Originator and Biosimilar Epoetins in Patients with Chronic Kidney Disease in a Large-Scale Italian Cohort Study.
31197746,2019,0.4579,2,Intravenous Infusion Administration: A Comparative Study of Practices and Errors Between the United States and England and Their Implications for Patient Safety.
31190237,2019,0.5232,2,Pooling Different Safety Data Sources: Impact of Combining Solicited and Spontaneous Reports on Signal Detection In Pharmacovigilance.
31187437,2019,0.3414,2,Randomized Placebo-Controlled Trial Evaluating the Ophthalmic Safety of Single-Dose Tafenoquine in Healthy Volunteers.
31175610,2019,0.5436,3,Comparative Effectiveness and Safety of Direct Oral Anticoagulants in Patients with Atrial Fibrillation: A Systematic Review and Meta-Analysis of Observational Studies.
31168709,2019,0.4687,2,"Prevalence, Safety and Long-Term Retention Rates of Biologics in Hong Kong from 2001 to 2015."
31165430,2019,0.4785,2,Antidepressants and the Risk of Hemorrhagic Stroke in the Elderly: a Nested Case-Control Study.
31152320,2019,0.6333,2,Unintended Effects of Communicating About Drug Safety Issues: A Critical Review of the Literature.
31134513,2019,0.4737,2,Study Design and Cohort Comparability in a Study of Major Cardiovascular Events in New Users of Prucalopride Versus Polyethylene Glycol 3350.
31134512,2019,0.5196,2,Cardiovascular Safety of Prucalopride in Patients with Chronic Constipation: A Multinational Population-Based Cohort Study.
31123940,2019,0.4290,2,Enabling Data-Driven Clinical Quality Assurance: Predicting Adverse Event Reporting in Clinical Trials Using Machine Learning.
31119651,2019,0.4176,2,Auto-Generated Physiological Chain Data for an Ontological Framework for Pharmacology and Mechanism of Action to Determine Suspected Drugs in Cases of Dysuria.
31111340,2019,0.2252,2,Evaluation of Use of Technologies to Facilitate Medical Chart Review.
31102144,2019,0.4208,3,Long-Term Safety and Tolerability of OnabotulinumtoxinA Treatment in Patients with Chronic Migraine: Results of the COMPEL Study.
31098917,2019,0.5573,2,Evaluation of Potential Drug-Drug Interactions in Adults in the Intensive Care Unit: A Systematic Review and Meta-Analysis.
31077091,2019,0.3827,2,Fluoroquinolone Use and the Risk of Collagen-Associated Adverse Events: A Systematic Review and Meta-Analysis.
31069703,2019,0.3887,2,Bismuth Concentrations in Patients Treated in Real-Life Practice with a Bismuth Subcitrate-Metronidazole-Tetracycline Preparation: The SAPHARY Study.
31062194,2019,0.6234,2,Pharmacovigilance as Scientific Discovery: An Argument for Trans-Disciplinarity.
31054141,2019,0.2949,2,Identifying the DEAD: Development and Validation of a Patient-Level Model to Predict Death Status in Population-Level Claims Data.
31020549,2019,0.3035,2,Mechanisms of Severe Cutaneous Adverse Reactions: Recent Advances.
31016678,2019,0.6039,1,Standardising the Classification of Harm Associated with Medication Errors: The Harm Associated with Medication Error Classification (HAMEC).
31006085,2019,0.5233,2,Pharmacovigilance Systems in Arab Countries: Overview of 22 Arab Countries.
30972641,2019,0.3984,2,Benefit-Risk Assessment of Obesity Drugs: Focus on Glucagon-like Peptide-1 Receptor Agonists.
30972640,2019,0.2824,3,Long-Term Safety and Efficacy of Fecal Microbiota Transplant in Active Ulcerative Colitis.
30929141,2019,0.6056,2,Establishing a Framework for the Use of Social Media in Pharmacovigilance in Europe.
30911975,2019,0.6137,2,Recommendations on the Use of Mobile Applications for the Collection and Communication of Pharmaceutical Product Safety Information: Lessons from IMI WEB-RADR.
30888626,2019,0.4640,2,"Drug-Induced Photosensitivity-An Update: Culprit Drugs, Prevention and Management."
30888625,2019,0.5215,3,Summary of Torsades de Pointes (TdP) Reports Associated with Intravenous Drug Formulations Containing the Preservative Chlorobutanol.
30868436,2019,0.3289,1,Sirolimus and mTOR Inhibitors: A Review of Side Effects and Specific Management in Solid Organ Transplantation.
30830573,2019,0.3307,2,Benefit-Risk Assessment of Vedolizumab in the Treatment of Crohn's Disease and Ulcerative Colitis.
30830572,2019,0.3449,2,Established and Emerging Immunological Complications of Biological Therapeutics in Multiple Sclerosis.
30762164,2019,0.6014,2,"A Comparison Study of Algorithms to Detect Drug-Adverse Event Associations: Frequentist, Bayesian, and Machine-Learning Approaches."
30762163,2019,0.4058,2,Drug-Induced Steatosis and Steatohepatitis: The Search for Novel Serum Biomarkers Among Potential Biomarkers for Non-Alcoholic Fatty Liver Disease and Non-Alcoholic Steatohepatitis.
30739254,2019,0.4667,3,"Ustekinumab Safety in Psoriasis, Psoriatic Arthritis, and Crohn's Disease: An Integrated Analysis of Phase II/III Clinical Development Programs."
30734242,2019,0.4614,2,Use of FDA's Sentinel System to Quantify Seizure Risk Immediately Following New Ranolazine Exposure.
30725337,2019,0.6869,2,Use of a Patient-Friendly Terms List in the Adverse Drug Reaction Report Form: A Database Study.
30725336,2019,0.3390,2,A Machine-Learning Algorithm to Optimise Automated Adverse Drug Reaction Detection from Clinical Coding.
30649752,2019,0.3944,3,"Evaluation of Antibody Properties and Clinically Relevant Immunogenicity, Anaphylaxis, and Hypersensitivity Reactions in Two Phase III Trials of Tralokinumab in Severe, Uncontrolled Asthma."
30649751,2019,0.3658,3,Safety and Tolerability of Phosphatidylinositol-3-Kinase (PI3K) Inhibitors in Oncology.
30649750,2019,0.3248,2,Safety and Tolerability of Adoptive Cell Therapy in Cancer.
30649749,2019,0.6161,2,Development of a Controlled Vocabulary-Based Adverse Drug Reaction Signal Dictionary for Multicenter Electronic Health Record-Based Pharmacovigilance.
30649748,2019,0.2256,1,Safety and Tolerability of c-MET Inhibitors in Cancer.
30649747,2019,0.3274,1,Safety and Tolerability of Antibody-Drug Conjugates in Cancer.
30649746,2019,0.3269,2,Benefit-Risk Assessment of Plecanatide in the Treatment of Chronic Idiopathic Constipation.
30649745,2019,0.2816,2,Safety and Tolerability of Sonic Hedgehog Pathway Inhibitors in Cancer.
30649744,2019,0.3385,2,Safety and Tolerability of Anti-Angiogenic Protein Kinase Inhibitors and Vascular-Disrupting Agents in Cancer: Focus on Gastrointestinal Malignancies.
30649743,2019,0.3705,3,Safety and Tolerability of Epidermal Growth Factor Receptor (EGFR) Tyrosine Kinase Inhibitors in Oncology.
30649742,2019,0.2855,2,Safety and Tolerability of Immune Checkpoint Inhibitors (PD-1 and PD-L1) in Cancer.
30649741,2019,0.2568,2,Safety and Tolerability of Anaplastic Lymphoma Kinase Inhibitors in Non-Small-Cell Lung Cancer.
30649740,2019,0.4111,2,Safety and Tolerability of Histone Deacetylase (HDAC) Inhibitors in Oncology.
30649738,2019,0.3344,2,Adverse Drug Events Detection in Clinical Notes by Jointly Modeling Entities and Relations Using Neural Networks.
30649737,2019,0.3361,2,Detecting Adverse Drug Events with Rapidly Trained Classification Models.
30649736,2019,0.2700,2,Adverse Drug Event Detection from Electronic Health Records Using Hierarchical Recurrent Neural Networks with Dual-Level Embedding.
30649735,2019,0.3829,2,"Overview of the First Natural Language Processing Challenge for Extracting Medication, Indication, and Adverse Drug Events from Electronic Health Record Notes (MADE 1.0)."
30632090,2019,0.4803,2,All-Cause Mortality Associated with Tramadol Use: A Case-Crossover Study.
30617499,2019,0.4622,3,Identifying Data Elements to Measure Frailty in a Dutch Nationwide Electronic Medical Record Database for Use in Postmarketing Safety Evaluation: An Exploratory Study.
30617498,2019,0.5160,4,An Implementation and Visualization of the Tree-Based Scan Statistic for Safety Event Monitoring in Longitudinal Electronic Health Data.
30617497,2019,0.3827,2,Exploring the Association between Monoclonal Antibodies and Depression and Suicidal Ideation and Behavior: A VigiBase Study.
30607830,2019,0.2834,1,Managing Risks with Immune Therapies in Multiple Sclerosis.
30600484,2019,0.3721,2,"MADEx: A System for Detecting Medications, Adverse Drug Events, and Their Relations from Clinical Notes."
30569267,2019,0.5713,2,Evaluation of Postmarketing Reports from Industry-Sponsored Programs in Drug Safety Surveillance.
30565020,2019,0.3291,2,Benefit-Risk Assessment of Blinatumomab in the Treatment of Relapsed/Refractory B-Cell Precursor Acute Lymphoblastic Leukemia.
30535629,2019,0.4457,2,Evaluation of the Reported Rates of Severe Hypersensitivity Reactions Associated with Ferric Carboxymaltose and Iron (III) Isomaltoside 1000 in Europe Based on Data from EudraVigilance and VigiBase™ between 2014 and 2017.
30506472,2019,0.5355,2,Evaluation of Harm Associated with High Dose-Range Clinical Decision Support Overrides in the Intensive Care Unit.
30478823,2019,0.4743,3,Drug-Induced Anaphylaxis in a Vietnamese Pharmacovigilance Database: Trends and Specific Signals from a Disproportionality Analysis.
30471046,2019,0.4516,3,Diagnostic Algorithms for Cardiovascular Death in Administrative Claims Databases: A Systematic Review.
30421346,2019,0.4885,2,Advances in Epidemiological Methods and Utilisation of Large Databases: A Methodological Review of Observational Studies on Central Nervous System Drug Use in Pregnancy and Central Nervous System Outcomes in Children.
30368737,2019,0.5786,2,"Fluoroquinolones and Cardiovascular Risk: A Systematic Review, Meta-analysis and Network Meta-analysis."
30361989,2019,0.6355,3,Previous Drug Exposure in Patients Hospitalised for Acute Liver Injury: A Case-Population Study in the French National Healthcare Data System.
30357649,2019,0.5843,2,Prevalence of Drug Prescriptions and Potential Safety in Patients with Cirrhosis: A Retrospective Real-World Study.
30357648,2019,0.6361,3,The Role of European Patient Organizations in Pharmacovigilance.
30343418,2019,0.5147,2,Drug-Induced Liver Injury: Highlights of the Recent Literature.
30343417,2019,0.4325,3,Artificial Intelligence and the Future of the Drug Safety Professional.
30341677,2019,0.4115,2,Safety of Follitropin Alfa/Lutropin Alfa for Stimulation of Follicular Development.
30298309,2019,0.3830,2,Preventing Future Deaths from Medicines: Responses to Coroners' Concerns in England and Wales.
30284215,2019,0.5220,2,"Surveillance of Drug Safety During Pregnancy: Insight in Current International Activities, Future Intentions and Need for Support of National Pharmacovigilance Centres."
30284214,2019,0.3947,2,Pharmacoepidemiologic Evaluation of Birth Defects from Health-Related Postings in Social Media During Pregnancy.
30276630,2019,0.4963,2,"Potential Direct Costs of Adverse Drug Events and Possible Cost Savings Achievable by their Prevention in Tuscany, Italy: A Model-Based Analysis."
30269245,2019,0.6213,1,"The Role of European Healthcare Databases for Post-Marketing Drug Effectiveness, Safety and Value Evaluation: Where Does Italy Stand?"
30269244,2019,0.5147,2,Pharmacovigilance in India: Present Scenario and Future Challenges.
30255349,2019,0.3014,2,Implications of Individual QT/RR Profiles-Part 1: Inaccuracies and Problems of Population-Specific QT/Heart Rate Corrections.
30255348,2019,0.3685,2,Implications of Individual QT/RR Profiles-Part 2: Zero QTc/RR Correlations Do Not Prove QTc Correction Accuracy in Studies of QTc Changes.
30246225,2019,0.4136,2,"Aim and Design of pREGnant, the Dutch Pregnancy Drug Register."
30232741,2019,0.5214,2,Nonsteroidal Anti-Inflammatory Drugs and Risk of First Hospitalization for Heart Failure in Patients with No History of Heart Failure: A Population-Based Case-Crossover Study.
30232740,2019,0.4310,2,Assessment of Self-Administration of Romiplostim in Patients with Immune Thrombocytopenic Purpura after Receipt of Home Administration Training Materials: a Cross-Sectional Study.
30167992,2018,0.5068,2,"Methods to Compare Adverse Events in Twitter to FAERS, Drug Information Databases, and Systematic Reviews: Proof of Concept with Adalimumab."
30155802,2018,0.3695,1,Risks of Opioids in ST-Elevation Myocardial Infarction: A Review.
30146658,2018,0.4532,2,Proton Pump Inhibitor Use and Risk of Developing Alzheimer's Disease or Vascular Dementia: A Case-Control Analysis.
30128638,2018,0.5682,2,Enhancing Pharmacovigilance Capabilities in the EU Regulatory Network: The SCOPE Joint Action.
30121742,2019,0.5352,3,The Social Impact of Suspected Adverse Drug Reactions: An analysis of the Canada Vigilance Spontaneous Reporting Database.
30121741,2019,0.4206,2,POMME: The New Cohort to Evaluate Long-Term Effects After Prenatal Medicine Exposure.
30120741,2018,0.4610,2,Evaluation of Switching Patterns in FDA's Sentinel System: A New Tool to Assess Generic Drugs.
30117051,2019,0.4481,2,The Prevalence of Dose Errors Among Paediatric Patients in Hospital Wards with and without Health Information Technology: A Systematic Review and Meta-Analysis.
30112729,2019,0.5459,3,Stevens-Johnson Syndrome and Toxic Epidermal Necrolysis in Association with Commonly Prescribed Drugs in Outpatient Care Other than Anti-Epileptic Drugs and Antibiotics: A Population-Based Case-Control Study.
30112728,2018,0.5211,2,A Critical Evaluation of Safety Signal Analysis Using Algorithmic Standardised MedDRA Queries.
30066315,2019,0.5010,2,Effect of Lawyer-Submitted Reports on Signals of Disproportional Reporting in the Food and Drug Administration's Adverse Event Reporting System.
30043385,2018,0.3967,2,Assessment of the Utility of Social Media for Broad-Ranging Statistical Signal Detection in Pharmacovigilance: Results from the WEB-RADR Project.
30043384,2018,0.4408,3,Adverse Drug Reactions Among Patients Initiating Second-Line Antiretroviral Therapy in South Africa.
30006773,2018,0.4394,2,Safety Profile of Benznidazole in the Treatment of Chronic Chagas Disease: Experience of a Referral Centre and Systematic Literature Review with Meta-Analysis.
29987757,2018,0.4049,2,"Changes in Outpatient Use of Antibiotics by Adults in the United States, 2006-2015."
29956218,2018,0.3953,3,Role of Serotonin Transporter in Antidepressant-Induced Diabetes Mellitus: A Pharmacoepidemiological-Pharmacodynamic Study in VigiBase®.
29956217,2018,0.5045,2,Gabapentin and Pregabalin and Risk of Atrial Fibrillation in the Elderly: A Population-Based Cohort Study in an Electronic Prescription Database.
29949100,2018,0.5747,2,What Future Healthcare Professionals Need to Know About Pharmacovigilance: Introduction of the WHO PV Core Curriculum for University Teaching with Focus on Clinical Aspects.
29876835,2018,0.6304,2,MOdified NARanjo Causality Scale for ICSRs (MONARCSi): A Decision Support Tool for Safety Scientists.
29876834,2018,0.5055,2,Predicting Adverse Drug Effects from Literature- and Database-Mined Assertions.
29858838,2018,0.3698,3,Cardiac Complications Attributed to Chloroquine and Hydroxychloroquine: A Systematic Review of the Literature.
29797240,2018,0.5538,2,Coronary Events After Dispensing of Ibuprofen: A Propensity Score-Matched Cohort Study Versus Paracetamol in the French Nationwide Claims Database Sample.
29797239,2018,0.3578,3,Association of Statin Use with Increased Risk of Musculoskeletal Conditions: A Retrospective Cohort Study.
29796832,2018,0.5927,2,"Safety of Biologics, Including Biosimilars: Perspectives on Current Status and Future Direction."
29796831,2018,0.5365,2,Prescription Opioid Fatalities: Examining Why the Healer Could be the Culprit.
29785475,2018,0.3859,2,Cohort Study of Psychiatric Adverse Events Following Exposure to Levonorgestrel-Containing Intrauterine Devices in UK General Practice.
29761281,2018,0.5432,2,"Characteristics, Quality and Contribution to Signal Detection of Spontaneous Reports of Adverse Drug Reactions Via the WEB-RADR Mobile Application: A Descriptive Cross-Sectional Study."
29737504,2018,0.5610,2,Inadequate harms reporting in randomized control trials of antibiotics for pediatric acute otitis media: a systematic review.
29737503,2018,0.4501,2,A Programme for Risk Assessment and Minimisation of Progressive Multifocal Leukoencephalopathy Developed for Vedolizumab Clinical Trials.
29737502,2018,0.3870,2,Vitamin B6 in Health Supplements and Neuropathy: Case Series Assessment of Spontaneously Reported Cases.
29737501,2018,0.3510,2,Safety of Tamsulosin: A Systematic Review of Randomized Trials with a Focus on Women and Children.
29725942,2018,0.5897,2,Exploring the Potential Routine Use of Electronic Healthcare Record Data to Strengthen Early Signal Assessment in UK Medicines Regulation: Proof-of-Concept Study.
29721822,2018,0.4358,1,Challenges and Opportunities for the Traceability of (Biological) Medicinal Products.
29714005,2018,0.4587,2,"Potentially Inappropriate Medication Prescribing and Risk of Unplanned Hospitalization among the Elderly: A Self-Matched, Case-Crossover Study."
29714004,2018,0.5010,3,Non-bleeding Adverse Events with the Use of Direct Oral Anticoagulants: A Sequence Symmetry Analysis.
29714003,2018,0.6252,1,Healthcare Databases for Drug Safety Research: Data Validity Assessment Remains Crucial.
29696507,2018,0.4514,3,Safety Experience During Real-World Use of Injectable Artesunate in Public Health Facilities in Ghana and Uganda: Outcomes of a Modified Cohort Event Monitoring Study (CEMISA).
29671224,2018,0.4886,2,Effectiveness Evaluation of Additional Risk Minimization Measures for Adolescent Use of Aripiprazole in the European Union: Results from a Post-Authorization Safety Study.
29644579,2018,0.5864,2,"Comparison of Data on Serious Adverse Events and Mortality in ClinicalTrials.gov, Corresponding Journal Articles, and FDA Medical Reviews: Cross-Sectional Analysis."
29627926,2018,0.4549,2,The Burden of Adverse Drug Reactions Due to Artemisinin-Based Antimalarial Treatment in Selected Ugandan Health Facilities: An Active Follow-Up Study.
29623648,2018,0.3625,2,Osteoporosis-Related Fractures in HIV-Infected Patients Receiving Long-Term Tenofovir Disoproxil Fumarate: An Observational Cohort Study.
29603109,2018,0.3835,2,Use of Proton Pump Inhibitors and the Risk of Acute Kidney Injury Among Patients with Rheumatoid Arthritis: Cohort Study.
29582394,2018,0.5907,2,Comparative Rates of Mortality and Serious Adverse Effects Among Commonly Prescribed Opioid Analgesics.
29582393,2018,0.4926,2,Adverse Events to Food Supplements Containing Red Yeast Rice: Comparative Analysis of FAERS and CAERS Reporting Systems.
29582392,2018,0.2713,2,Benefit-Risk Monitoring of Vaccines Using an Interactive Dashboard: A Methodological Proposal from the ADVANCE Project.
29560597,2018,0.2222,2,Central Demyelinating Diseases after Vaccination Against Hepatitis B Virus: A Disproportionality Analysis within the VAERS Database.
29560596,2018,0.5334,2,Review of Case Narratives from Fatal Overdoses Associated with Injectable Naltrexone for Opioid Dependence.
29520645,2018,0.6821,2,EudraVigilance Medicines Safety Database: Publicly Accessible Data for Research and Public Health Protection.
29502198,2018,0.4107,2,Drug-Induced Liver Injury: Why is the Roussel Uclaf Causality Assessment Method (RUCAM) Still Used 25 Years After Its Launch?
29500800,2018,0.5615,2,Interest in a Mobile App for Two-Way Risk Communication: A Survey Study Among European Healthcare Professionals and Patients.
29500799,2018,0.5025,2,Thromboembolism with Janus Kinase (JAK) Inhibitors for Rheumatoid Arthritis: How Real is the Risk?
29500798,2018,0.5560,3,Safety Communication Tools and Healthcare Professionals' Awareness of Specific Drug Safety Issues in Europe: A Survey Study.
29498009,2018,0.4937,2,Using the Symmetry Analysis Design to Screen for Adverse Effects of Non-vitamin K Antagonist Oral Anticoagulants.
29492878,2018,0.5015,4,Liver Safety of Fasiglifam (TAK-875) in Patients with Type 2 Diabetes: Review of the Global Clinical Trial Experience.
29484613,2018,0.4234,2,Limited Evidence for Risk Factors for Proarrhythmia and Sudden Cardiac Death in Patients Using Antidepressants: Dutch Consensus on ECG Monitoring.
29484612,2018,0.5073,1,Sex Differences in Reported Adverse Drug Reactions of Selective Serotonin Reuptake Inhibitors.
29484611,2018,0.4200,2,The Risk for Lung Cancer Incidence with Calcium Channel Blockers: A Systematic Review and Meta-Analysis of Observational Studies.
29468603,2018,0.5209,2,Glucocorticoids and the Risk of Peptic Ulcer Bleeding: Case-Control Analysis Based on Swiss Claims Data.
29468602,2018,0.3320,2,Time Series Disturbance Detection for Hypothesis-Free Signal Detection in Longitudinal Observational Databases.
29446035,2018,0.4879,3,Sorting Through the Safety Data Haystack: Using Machine Learning to Identify Individual Case Safety Reports in Social-Digital Media.
29427042,2018,0.3443,2,Amyotrophic Lateral Sclerosis Associated with Statin Use: A Disproportionality Analysis of the FDA's Adverse Event Reporting System.
29411338,2018,0.5178,2,A Multi-hospital Before-After Observational Study Using a Point-Prevalence Approach with an Infusion Safety Intervention Bundle to Reduce Intravenous Medication Administration Errors.
29411337,2018,0.4233,2,Potential Risks Related to Modulating Interleukin-13 and Interleukin-4 Signalling: A Systematic Review.
29404977,2018,0.3294,1,Drug-Induced Ototoxicity: Diagnosis and Monitoring.
29397553,2018,0.3825,3,The Uncertainty of the Association Between Proton Pump Inhibitor Use and the Risk of Dementia: Prescription Sequence Symmetry Analysis Using a Korean Healthcare Database Between 2002 and 2013.
29392593,2018,0.3317,1,Gastrointestinal Perforations with Biologics in Patients with Rheumatoid Arthritis: Implications for Clinicians.
29332144,2018,0.3718,2,Long-Acting β2-Agonists in Asthma: Enantioselective Safety Studies are Needed.
29330715,2018,0.5427,3,Case Series Analysis of New Zealand Reports of Rapid Intense Potentiation of Warfarin by Roxithromycin.
29330714,2018,0.6050,2,Evidence-Based Recommendations to Improve the Safe Use of Drugs in Patients with Liver Cirrhosis.
29327136,2018,0.5494,2,Signal Detection for Recently Approved Products: Adapting and Evaluating Self-Controlled Case Series Method Using a US Claims and UK Electronic Medical Records Database.
29318515,2018,0.5237,2,A Review of Methods for Monitoring Adverse Events in Pediatric Psychopharmacology Clinical Trials.
29318514,2018,0.5238,2,The Impact of Biologics and Tofacitinib on Cardiovascular Risk Factors and Outcomes in Patients with Rheumatic Disease: A Systematic Literature Review.
29280070,2018,0.3459,2,Safety of Human Papillomavirus Vaccines: An Updated Review.
29270770,2018,0.5763,2,"Adverse Drug Reaction Reports Received Through the Mobile App, VigiBIP®: A Comparison with Classical Methods of Reporting."
29230691,2018,0.2365,2,Beta-Blocker Use in Pregnancy and Risk of Specific Congenital Anomalies: A European Case-Malformed Control Study.
29218682,2018,0.5587,2,The RIMES Statement: A Checklist to Assess the Quality of Studies Evaluating Risk Minimization Programs for Medicinal Products.
29218681,2018,0.4091,2,Management Strategies to Facilitate Optimal Outcomes for Patients Treated with Delayed-release Dimethyl Fumarate.
29218680,2018,0.4158,3,"Cardiovascular Profile of Valbenazine: Analysis of Pooled Data from Three Randomized, Double-Blind, Placebo-Controlled Trials."
29196989,2018,0.5660,2,Mixed Approach Retrospective Analyses of Suicide and Suicidal Ideation for Brand Compared with Generic Central Nervous System Drugs.
29196988,2018,0.4961,3,Analysis of Spontaneous Postmarket Case Reports Submitted to the FDA Regarding Thromboembolic Adverse Events and JAK Inhibitors.
29185237,2018,0.4729,2,Using Human 'Experiments of Nature' to Predict Drug Safety Issues: An Example with PCSK9 Inhibitors.
29185236,2018,0.4226,2,An Automated System Combining Safety Signal Detection and Prioritization from Healthcare Databases: A Pilot Study.
29124666,2018,0.6181,2,"Study Design and Evaluation of Risk Minimization Measures: A Review of Studies Submitted to the European Medicines Agency for Cardiovascular, Endocrinology, and Metabolic Drugs."
29124665,2018,0.4741,2,Evaluation of 'Definite' Anaphylaxis Drug Allergy Alert Overrides in Inpatient and Outpatient Settings.
29110252,2018,0.4702,2,Risk of Psoriasis Following Terbinafine or Itraconazole Treatment for Onychomycosis: A Population-Based Case-Control Comparative Study.
29098610,2018,0.5799,2,Reported Adverse Events with Painkillers: Data Mining of the US Food and Drug Administration Adverse Events Reporting System.
29076063,2018,0.5558,2,Neuropsychiatric Events Associated with Leukotriene-Modifying Agents: A Systematic Review.
29052094,2018,0.2596,2,Severe Physical Complications among Survivors of Stevens-Johnson Syndrome and Toxic Epidermal Necrolysis.
29043496,2018,0.4099,2,Erlotinib Plus Bevacizumab Phase ll Study in Patients with Advanced Non-small-Cell Lung Cancer (JO25567): Updated Safety Results.
29027148,2018,0.4563,2,"Safety of Russian-Backbone Trivalent, Live Attenuated Seasonal Influenza Vaccine in Healthy Subjects: Open-Label, Non-randomized Phase 4 Study."
29019038,2018,0.5289,2,Utilisation and Safety of Deferasirox: Results from an Observational Cohort Study in England.
28975584,2018,0.6494,2,Overview of Pharmacovigilance System in Vietnam: Lessons Learned in a Resource-Restricted Country.
28965265,2018,0.4612,2,Preferences of Patients and Pharmacists with Regard to the Management of Drug-Drug Interactions: A Choice-Based Conjoint Analysis.
28956286,2018,0.4785,3,All-Cause and Drug-Related Medical Events Associated with Overuse of Gabapentin and/or Opioid Medications: A Retrospective Cohort Analysis of a Commercially Insured US Population.
28952138,2018,0.3339,2,Can SGLT2 Inhibitors Cause Acute Renal Failure? Plausible Role for Altered Glomerular Hemodynamics and Medullary Hypoxia.
28933055,2018,0.5630,2,Safety Concerns Reported by Patients Identified in a Collaborative Signal Detection Workshop using VigiBase: Results and Reflections from Lareb and Uppsala Monitoring Centre.
28905299,2018,0.4636,2,Use of Antihypertensive Drugs and Risk of Malignant Melanoma: A Meta-analysis of Observational Studies.
28861870,2018,0.3673,2,Dopamine Agonists and Impulse Control Disorders: A Complex Association.
28853038,2018,0.2847,2,Drug-Induced QT Prolongation and Torsades de Pointes: An All-Exclusive Relationship or Time for an Amicable Separation?
28840504,2018,0.5206,1,From Big Data to Smart Data for Pharmacovigilance: The Role of Healthcare Databases and Other Emerging Sources.
28840499,2018,0.4855,2,Enrollment and Retention in 34 United States Pregnancy Registries Contrasted with the Manufacturer's Capture of Spontaneous Reports for Exposed Pregnancies.
28815480,2018,0.4635,2,Evaluation of Electronic Healthcare Databases for Post-Marketing Drug Safety Surveillance and Pharmacoepidemiology in China.
28815462,2017,0.7050,1,A New Erice Report Considering the Safety of Medicines in the 21st Century.
28808959,2018,0.5438,2,Deaths from Medicines: A Systematic Analysis of Coroners' Reports to Prevent Future Deaths.
28786035,2018,0.4434,2,Cardiac Harms of Sofosbuvir: Systematic Review and Meta-Analysis.
28780741,2017,0.5651,2,Channeling in the Use of Nonprescription Paracetamol and Ibuprofen in an Electronic Medical Records Database: Evidence and Implications.
28776179,2017,0.6054,2,Frequency and Nature of Medication Errors and Adverse Drug Events in Mental Health Hospitals: a Systematic Review.
28770534,2018,0.4447,2,Antidepressant-Induced Acute Liver Injury: A Case-Control Study in an Italian Inpatient Population.
28766109,2018,0.3447,3,"Treatment of Medication-Related Osteonecrosis of the Jaw and its Impact on a Patient's Quality of Life: A Single-Center, 10-Year Experience from Southern Italy."
28766108,2017,0.6858,3,A Pharmacoepidemiology Database System for Monitoring Risk Due to the Use of Medicines by New Zealand Primary Care Patients.
28755095,2017,0.5014,2,Neurological Adverse Effects Attributable to β-Lactam Antibiotics: A Literature Review.
28752473,2017,0.5837,3,Safety Profile of Eslicarbazepine Acetate as Add-On Therapy in Adults with Refractory Focal-Onset Seizures: From Clinical Studies to 6 Years of Post-Marketing Experience.
28748367,2017,0.5449,1,Commercial Online Social Network Data and Statin Side-Effect Surveillance: A Pilot Observational Study of Aggregate Mentions on Facebook.
28744845,2017,0.5347,2,Drug-Induced Dental Caries: A Disproportionality Analysis Using Data from VigiBase.
28744844,2017,0.1235,2,Suspected Adverse Effects After Human Papillomavirus Vaccination: A Temporal Relationship Between Vaccine Administration and the Appearance of Symptoms in Japan.
28735357,2017,0.6952,2,Promoting and Protecting Public Health: How the European Union Pharmacovigilance System Works.
28733971,2017,0.4354,2,The Fetal Safety of Enoxaparin Use During Pregnancy: A Population-Based Retrospective Cohort Study.
28698988,2017,0.6067,2,Medication Errors: A Characterisation of Spontaneously Reported Cases in EudraVigilance.
28689334,2017,0.4341,2,Safety and Interactions of Direct Oral Anticoagulants with Antiarrhythmic Drugs.
28689333,2017,0.3059,2,The Ribavirin Pregnancy Registry: An Interim Analysis of Potential Teratogenicity at the Mid-Point of Enrollment.
28681266,2017,0.4067,2,Muscular Adverse Drug Reactions Associated with Proton Pump Inhibitors: A Disproportionality Analysis Using the Italian National Network of Pharmacovigilance Database.
28674842,2017,0.3756,2,Clinical Relevance and Predictive Value of Damage Biomarkers of Drug-Induced Kidney Injury.
28664356,2017,0.4800,2,Signal of Miscarriage with Aripiprazole: A Disproportionality Analysis of the Japanese Adverse Drug Event Report Database.
28664355,2017,0.5711,2,Using Multiple Pharmacovigilance Models Improves the Timeliness of Signal Detection in Simulated Prospective Surveillance.
28664354,2017,0.6418,3,Impact of Medicine Withdrawal on Reporting of Adverse Events Involving Therapeutic Alternatives: A Study from the French Spontaneous Reporting Database.
28653291,2017,0.7055,3,Patients' Perspectives on Adverse Drug Reaction Reporting in a Developing Country: A Case Study from Ghana.
28643174,2017,0.4816,2,Natural Language Processing for EHR-Based Pharmacovigilance: A Structured Review.
28634824,2017,0.4225,2,Association of Parkinsonism or Parkinson Disease with Polypharmacy in the Year Preceding Diagnosis: A Nested Case-Control Study in South Korea.
28623527,2017,0.4607,3,Updating the Evidence of the Interaction Between Clopidogrel and CYP2C19-Inhibiting Selective Serotonin Reuptake Inhibitors: A Cohort Study and Meta-Analysis.
28620871,2017,0.3472,2,Lipophilic Statins and the Risk of Intracranial Hemorrhage Following Ischemic Stroke: A Population-Based Study.
28597251,2017,0.5378,2,Occurrence of Multiple Sclerosis After Drug Exposure: Insights From Evidence Mapping.
28593504,2017,0.5366,2,An Algorithm to Identify Generic Drugs in the FDA Adverse Event Reporting System.
28585153,2017,0.4840,2,Second-Generation Antipsychotics and Metabolic Side Effects: A Systematic Review of Population-Based Studies.
28585152,2017,0.5533,2,Overview of the Safety of Anti-VEGF Drugs: Analysis of the Italian Spontaneous Reporting System.
28555362,2017,0.3711,3,The Incidence of Drug- and Herbal and Dietary Supplement-Induced Liver Injury: Preliminary Findings from Gastroenterologist-Based Surveillance in the Population of the State of Delaware.
28547654,2017,0.3395,1,Potential Teratogenic Effects of Clomiphene Citrate.
28540672,2017,0.5158,2,Communication on Safety of Medicines in Europe: Current Practices and General Practitioners' Awareness and Preferences.
28528487,2017,0.5236,2,Role of Medicines of Unknown Identity in Adverse Drug Reaction-Related Hospitalizations in Developing Countries: Evidence from a Cross-Sectional Study in a Teaching Hospital in the Lao People's Democratic Republic.
28508325,2017,0.5540,2,Preliminary Results of a Novel Algorithmic Method Aiming to Support Initial Causality Assessment of Routine Pharmacovigilance Case Reports for Medication-Induced Liver Injury: The PV-RUCAM.
28497250,2017,0.4677,2,People's Understanding of Verbal Risk Descriptors in Patient Information Leaflets: A Cross-Sectional National Survey of 18- to 65-Year-Olds in England.
28474287,2017,0.5235,2,Evaluation of the Case-Crossover (CCO) Study Design for Adverse Drug Event Detection.
28455793,2017,0.3769,2,Detecting Signals of Disproportionate Reporting from Singapore's Spontaneous Adverse Event Reporting System: An Application of the Sequential Probability Ratio Test.
28439716,2017,0.5093,2,Antipsychotic Prescribing to Patients Diagnosed with Dementia Without a Diagnosis of Psychosis in the Context of National Guidance and Drug Safety Warnings: Longitudinal Study in UK General Practice.
28421551,2017,0.4438,2,"Macrolides, Digoxin Toxicity and the Risk of Sudden Death: A Population-Based Study."
28417321,2017,0.2619,1,Adjuvanted (AS03) A/H1N1 2009 Pandemic Influenza Vaccines and Solid Organ Transplant Rejection: Systematic Signal Evaluation and Lessons Learnt.
28417320,2017,0.5885,2,Patient Reporting in the EU: Analysis of EudraVigilance Data.
28405899,2017,0.6423,2,The Quality of Clinical Information in Adverse Drug Reaction Reports by Patients and Healthcare Professionals: A Retrospective Comparative Analysis.
28397186,2017,0.4932,2,Managing Cardiovascular Risk of Macrolides: Systematic Review and Meta-Analysis.
28389979,2017,0.3382,1,"Species Adulteration in the Herbal Trade: Causes, Consequences and Mitigation."
28382494,2017,0.5255,2,Adverse Drug Reaction-Related Hospitalizations in Elderly Australians: A Prospective Cross-Sectional Study in Two Tasmanian Hospitals.
28382493,2017,0.4784,2,Drospirenone-Containing Oral Contraceptive Pills and the Risk of Venous Thromboembolism: An Assessment of Risk in First-Time Users and Restarters.
28361405,2017,0.5839,3,Impact of Safety-Related Regulations on Codeine Use in Children: A Quasi-Experimental Study Using Taiwan's National Health Insurance Research Database.
28342075,2017,0.6614,2,Evaluation of Pre-marketing Factors to Predict Post-marketing Boxed Warnings and Safety Withdrawals.
28342074,2017,0.3612,2,"Evaluation of 'SAEFVIC', A Pharmacovigilance Surveillance Scheme for the Spontaneous Reporting of Adverse Events Following Immunisation in Victoria, Australia."
28321782,2017,0.2178,2,Targeting Interleukin-5 or Interleukin-5Rα: Safety Considerations.
28299611,2017,0.7270,1,Summarising the Evidence for Drug Safety: A Methodological Discussion of Different Meta-Analysis Approaches.
28299610,2017,0.4601,2,Pharmacovigilance of Regenerative Medicine Under the Amended Pharmaceutical Affairs Act in Japan.
28293864,2017,0.3195,2,Using Probabilistic Record Linkage of Structured and Unstructured Data to Identify Duplicate Cases in Spontaneous Adverse Event Reporting Systems.
28275963,2017,0.5719,2,Adverse Drug Event Causality Analysis (ADECA): A Process for Evaluating Evidence and Assigning Drugs to Risk Categories for Sudden Death.
28247280,2017,0.5727,2,Causality Assessment in Pharmacovigilance: Still a Challenge.
28247279,2017,0.6512,2,Patient and Physician Perceptions of Drug Safety Information for Sleep Aids: A Qualitative Study.
28247278,2017,0.5160,2,"A Survey on Pharmacovigilance Activities in ASEAN and Selected Non-ASEAN Countries, and the Use of Quantitative Signal Detection Algorithms."
28238125,2017,0.6182,2,Post-Marketing Regulation of Medicines Withdrawn from the Market Because of Drug-Attributed Deaths: An Analysis of Justification.
28205099,2017,0.5587,3,Evaluation of Potentially Drug-Related Patient-Reported Common Symptoms Assessed During Clinical Medication Reviews: A Cross-Sectional Observational Study.
28194654,2017,0.5393,3,The Risk of Ischemic Cardio- and Cerebrovascular Events Associated with Oxycodone-Naloxone and Other Extended-Release High-Potency Opioids: A Nested Case-Control Study.
28188601,2017,0.3664,3,Sensitivity of the UK Clinical Practice Research Datalink to Detect Neurodevelopmental Effects of Medicine Exposure in Utero: Comparative Analysis of an Antiepileptic Drug-Exposed Cohort.
28181126,2017,0.3296,2,Anti-Angiogenic Tyrosine Kinase Inhibitors and Reversible Posterior Leukoencephalopathy Syndrome: Could Hypomagnesaemia Be the Trigger?
28155198,2017,0.3070,2,Validation of New Signal Detection Methods for Web Query Log Data Compared to Signal Detection Algorithms Used With FAERS.
28130774,2017,0.5262,2,Pre-Exposure Prophylaxis for HIV Prevention: Safety Concerns.
28130773,2017,0.5689,3,Identification of Substandard Medicines via Disproportionality Analysis of Individual Case Safety Reports.
28130772,2017,0.4310,2,Digitalis Use and the Risk of Breast Cancer: A Systematic Review and Meta-Analysis.
28120270,2017,0.6285,2,Feasibility and Educational Value of a Student-Run Pharmacovigilance Programme: A Prospective Cohort Study.
28101815,2017,0.4657,1,Developing a Crowdsourcing Approach and Tool for Pharmacovigilance Education Material Delivery.
28074424,2017,0.2479,2,Signal Detection Based on Time to Onset Algorithm in Spontaneous Reporting System of China.
28074423,2017,0.4034,2,Effectiveness of Risk Evaluation and Mitigation Strategies (REMS) for Lenalidomide and Thalidomide: Patient Comprehension and Knowledge Retention.
28044249,2017,0.5013,2,Evaluation of Facebook and Twitter Monitoring to Detect Safety Signals for Medical Products: An Analysis of Recent FDA Safety Alerts.
28035492,2017,0.5054,2,Factors Influencing the Use of a Mobile App for Reporting Adverse Drug Reactions and Receiving Safety Information: A Qualitative Study.
28035491,2017,0.5188,2,Cancer Event Rate and Mortality with Thienopyridines: A Systematic Review and Meta-Analysis.
28025733,2017,0.5270,3,Antibiotic-Induced Liver Injury in Paediatric Outpatients: A Case-Control Study in Primary Care Databases.
28005253,2017,0.6864,3,Diverging Conclusions from the Same Meta-Analysis in Drug Safety: Source of Data (Primary Versus Secondary) Takes a Toll.
28000151,2017,0.3780,2,The Impact of Provider Networks on the Co-Prescriptions of Interacting Drugs: A Claims-Based Analysis.
27995520,2017,0.2528,2,Effect of Medications for Gastric Acid-Related Symptoms on Total Motile Sperm Count and Concentration: A Case-Control Study in Men of Subfertile Couples from the Netherlands.
27995519,2017,0.2173,3,Hepatic Cyst Infection During Use of the Somatostatin Analog Lanreotide in Autosomal Dominant Polycystic Kidney Disease: An Interim Analysis of the Randomized Open-Label Multicenter DIPAK-1 Study.
27988884,2017,0.5694,2,Proactive Regional Pharmacovigilance System Versus National Spontaneous Reporting for Collecting Safety Data on Concerning Off-Label Prescribing Practices: An Example with Baclofen and Alcohol Dependence in France.
27988883,2017,0.2533,2,"Surveillance of Adverse Events After Seasonal Influenza Vaccination in Pregnant Women and Their Infants in the Vaccine Adverse Event Reporting System, July 2010-May 2016."
27981444,2017,0.3130,2,Hyperglycaemia Induced by Novel Anticancer Agents: An Undesirable Complication or a Potential Therapeutic Opportunity?
27943160,2017,0.4450,3,"Melanoma and Non-Melanoma Skin Cancer Associated with Angiotensin-Converting-Enzyme Inhibitors, Angiotensin-Receptor Blockers and Thiazides: A Matched Cohort Study."
27928727,2017,0.3319,1,Benefits and Risks of Long-Term Asthma Management in Children: Where Are We Heading?
27928726,2017,0.5824,2,Evaluating the Safety Profile of Non-Active Implantable Medical Devices Compared with Medicines.
27900668,2017,0.3896,2,Propensity Score Weighting Compared to Matching in a Study of Dabigatran and Warfarin.
27900667,2017,0.3327,1,Should Domperidone be Used as a Galactagogue? Possible Safety Implications for Mother and Child.
27896662,2017,0.5008,2,Investigating the Additive Interaction of QT-Prolonging Drugs in Older People Using Claims Data.
27878468,2017,0.4160,2,The Risk of Adverse Pregnancy Outcome After First Trimester Exposure to H1 Antihistamines: A Systematic Review and Meta-Analysis.
27864791,2017,0.4283,2,The Harms of Antipsychotic Drugs: Evidence from Key Studies.
27848201,2017,0.3518,2,The Role of Hemoglobin Laboratory Test Results for the Detection of Upper Gastrointestinal Bleeding Outcomes Resulting from the Use of Medications in Observational Studies.
27848200,2017,0.3757,2,Vancomycin-Induced Thrombocytopenia: A Narrative Review.
27838824,2017,0.2933,2,Proton Pump Inhibitors and Risk of Rhabdomyolysis.
27838823,2017,0.4188,2,Active Surveillance of Follow-on Biologics: A Prescription for Uptake.
27826881,2017,0.4192,1,Bone Fractures with Sodium-Glucose Co-transporter-2 Inhibitors: How Real is the Risk?
27612460,2016,0.3250,2,Vaccine Case-Population: A New Method for Vaccine Safety Surveillance.
27743334,2017,0.6287,2,Pharmaceutical Benefit-Risk Communication Tools: A Review of the Literature.
27743333,2016,0.4702,2,Knowledge of Adverse Drug Reaction Reporting Among Healthcare Professionals in Bhutan: A Cross-Sectional Survey.
27696300,2016,0.5512,2,Risk-Benefit Profile of Direct-Acting Oral Anticoagulants in Established Therapeutic Indications: An Overview of Systematic Reviews and Observational Studies.
27696299,2016,0.2546,2,Treatment-Related Progressive Multifocal Leukoencephalopathy in Multiple Sclerosis: A Comprehensive Review of Current Evidence and Future Needs.
27688026,2016,0.3310,2,"Estimating Herbal Product Authentication and Adulteration in India Using a Vouchered, DNA-Based Biological Reference Material Library."
27688025,2016,0.6530,2,Completeness of Spontaneous Adverse Drug Reaction Reports Sent by General Practitioners to a Regional Pharmacovigilance Centre: A Descriptive Study.
27677637,2016,0.3560,2,The Risk of Achilles or Biceps Tendon Rupture in New Statin Users: A Propensity Score-Matched Sequential Cohort Study.
27638661,2017,0.3148,3,Current Safety Concerns with Human Papillomavirus Vaccine: A Cluster Analysis of Reports in VigiBase®.
27638660,2016,0.5304,2,Prevention of Medication Errors in Hospitalized Patients: The Japan Adverse Drug Events Study.
27638659,2016,0.5097,2,Association Between the Occurrence of Adverse Drug Events and Modification of First-Line Highly Active Antiretroviral Therapy in Ghanaian HIV Patients.
27638658,2017,0.5290,2,Role of Preemptive Genotyping in Preventing Serious Adverse Drug Events in South Korean Patients.
27638657,2016,0.5193,2,A Survey of Adverse Event Reporting Practices Among US Healthcare Professionals.
27581398,2016,0.4918,3,Patient Reporting of Adverse Drug Reactions: An International Survey of National Competent Authorities' Views and Needs.
27562873,2016,0.3330,2,"Drug-Drug Interactions, Effectiveness, and Safety of Hormonal Contraceptives in Women Living with HIV."
27550440,2016,0.4646,1,National ADR Monitoring System in China.
27534752,2016,0.5005,3,Pattern of Onset and Risk Factors for Peripheral Oedema During Vildagliptin Use: Analysis from the Vildagliptin Prescription-Event Monitoring Study in England.
27534751,2016,0.3137,2,"Tyrosine Kinase Inhibitor-Induced Interstitial Lung Disease: Clinical Features, Diagnostic Challenges, and Therapeutic Dilemmas."
27534750,2016,0.4026,2,Neuropsychiatric Effects of HIV Antiviral Medications.
27473417,2016,0.6218,3,Causality Assessment in Premarketing Drug Clinical Trials: Regulatory Evolution in the USA and Ongoing Concerns.
27449638,2016,0.5794,2,Adverse-Drug-Reaction-Related Hospitalisations in Developed and Developing Countries: A Review of Prevalence and Contributing Factors.
27449495,2016,0.4918,2,Hepatic Safety of Atypical Antipsychotics: Current Evidence and Future Directions.
27435452,2016,0.3796,1,Drug Interactions of Direct-Acting Oral Anticoagulants.
27412006,2016,0.3468,2,Benefit-Risk Assessment of Fish Oil in Preventing Cardiovascular Disease.
27379887,2016,0.6384,2,Patient-Reported Safety Information: A Renaissance of Pharmacovigilance?
27364632,2016,0.5471,1,Pacific Island Pharmacovigilance: The Need for a Different Approach.
27350063,2016,0.4329,2,Innovative Digital Tools and Surveillance Systems for the Timely Detection of Adverse Events at the Point of Care: A Proof-of-Concept Study.
27314405,2016,0.4520,2,Active Surveillance versus Spontaneous Reporting for First-Line Antiretroviral Medicines in Namibia: A Cost-Utility Analysis.
27289228,2016,0.4875,2,Neonatal Adaptation Issues After Maternal Exposure to Prescription Drugs: Withdrawal Syndromes and Residual Pharmacological Effects.
27282428,2016,0.3376,3,Pregnancy Outcomes in the Tofacitinib Safety Databases for Rheumatoid Arthritis and Psoriasis.
27282427,2016,0.5950,2,Targeted Spontaneous Reporting: Assessing Opportunities to Conduct Routine Pharmacovigilance for Antiretroviral Treatment on an International Scale.
27255487,2016,0.4915,2,Drug Safety Monitoring in Children: Performance of Signal Detection Algorithms and Impact of Age Stratification.
27206726,2016,0.4647,2,Artesunate/Amodiaquine-Induced Acute Extrapyramidal Reactions in Children and Younger Adults: Case Series Assessment.
27193610,2016,0.3531,2,Benefit and Risk of Tofacitinib in the Treatment of Rheumatoid Arthritis: A Focus on Herpes Zoster.
27189593,2016,0.3708,2,Risk of Liver Injury Associated with Green Tea Extract in SLIMQUICK(®) Weight Loss Products: Results from the DILIN Prospective Study.
27145946,2016,0.4974,2,The Impact of Experiencing Adverse Drug Reactions on the Patient's Quality of Life: A Retrospective Cross-Sectional Study in the Netherlands.
27142208,2016,0.4636,3,Drug-Induced Liver Injury: Highlights from a Review of the 2015 Literature.
27098249,2016,0.2848,2,Neurocognitive Adverse Effects of Anesthesia in Adults and Children: Gaps in Knowledge.
27098248,2016,0.6929,2,The Patient's Voice in Pharmacovigilance: Pragmatic Approaches to Building a Patient-Centric Drug Safety Organization.
27098247,2016,0.3483,2,"Pharmacokinetics, Efficacy, and Safety of Hepatitis C Virus Drugs in Patients with Liver and/or Renal Impairment."
27091053,2016,0.3286,2,Diagnosis and Management of Drug-Induced Liver Injury (DILI) in Patients with Pre-Existing Liver Disease.
27067440,2016,0.2898,2,Age at First Rotavirus Vaccination and Risk of Intussusception in Infants: A Public Health Modeling Analysis.
27028617,2016,0.4636,2,Contemporary Reflections on the Safety of Long-Term Aspirin Treatment for the Secondary Prevention of Cardiovascular Disease.
27023898,2016,0.5067,1,Safety and Tolerability of Pharmacological Treatment of Alcohol Dependence: Comprehensive Review of Evidence.
27003817,2016,0.4136,3,Linking MedDRA(®)-Coded Clinical Phenotypes to Biological Mechanisms by the Ontology of Adverse Events: A Pilot Study on Tyrosine Kinase Inhibitors.
27003816,2016,0.5258,2,The Safety of Metoclopramide in Children: A Systematic Review and Meta-Analysis.
27000800,2016,0.5675,1,Ethical and Practical Considerations in Removing Black Box Warnings from Drug Labels.
26992920,2016,0.3047,1,Drug-Induced Mitochondrial Toxicity.
26979831,2016,0.4277,2,Long-Term Outcomes of Short-Term Statin Use in Healthy Adults: A Retrospective Cohort Study.
26968542,2016,0.3567,2,Drug-Induced QT/QTc Interval Shortening: Lessons from Drug-Induced QT/QTc Prolongation.
26968541,2016,0.2247,2,Universal Correction for QT/RR Hysteresis.
26961536,2016,0.4182,2,Signal of Gastrointestinal Congenital Malformations with Antipsychotics After Minimising Competition Bias: A Disproportionality Analysis Using Data from Vigibase(®).
26951234,2016,0.5006,4,Intravitreal Bevacizumab and Cardiovascular Risk in Patients with Age-Related Macular Degeneration: Systematic Review and Meta-Analysis of Randomized Controlled Trials and Observational Studies.
26951233,2016,0.5993,1,Good Signal Detection Practices: Evidence from IMI PROTECT.
26946292,2016,0.5532,2,A Pharmacovigilance Signaling System Based on FDA Regulatory Action and Post-Marketing Adverse Event Reports.
26940903,2016,0.6793,2,Medication Errors: New EU Good Practice Guide on Risk Minimisation and Error Prevention.
26936182,2016,0.5213,2,Allergy-Like Immediate Reactions with Herbal Medicines: A Retrospective Study Using Data from VigiBase®.
26924197,2016,0.3695,2,Safety Considerations with Dual Bronchodilator Therapy in COPD: An Update.
26884326,2016,0.4547,2,The Safety of Prochlorperazine in Children: A Systematic Review and Meta-Analysis.
26879560,2016,0.5065,2,Evidence of Misclassification of Drug-Event Associations Classified as Gold Standard 'Negative Controls' by the Observational Medical Outcomes Partnership (OMOP).
26873369,2016,0.3936,2,Dipeptidyl Peptidase (DPP)-4 Inhibitor-Induced Arthritis/Arthralgia: A Review of Clinical Cases.
26860922,2016,0.5381,2,"Safety Profile of Atorvastatin 80 mg: A Meta-Analysis of 17 Randomized Controlled Trials in 21,910 Participants."
26860921,2016,0.4173,2,An Integrative Data Science Pipeline to Identify Novel Drug Interactions that Prolong the QT Interval.
26832926,2016,0.4124,1,Side Effects and Efficacy of Neuraxial Opioids in Pregnant Patients at Delivery: A Comprehensive Review.
26798054,2016,0.5233,2,Social Media Listening for Routine Post-Marketing Safety Surveillance.
26798053,2016,0.4456,2,Sequence Symmetry Analysis as a Signal Detection Tool for Potential Heart Failure Adverse Events in an Administrative Claims Database.
26798052,2016,0.5726,2,Use of Prescription Drug Samples in the USA: A Descriptive Study with Considerations for Pharmacoepidemiology.
26798051,2016,0.4146,2,Safety of Intranasal Quadrivalent Live Attenuated Influenza Vaccine (QLAIV) in Children and Adolescents: A Pilot Prospective Cohort Study in England.
26798050,2016,0.5368,1,"Maximizing the Post-Approval Safety of Flibanserin: A Role for Regulators, Clinicians, and Patients."
26754924,2016,0.4276,4,Adverse Drug Reaction Reporting in Africa and a Comparison of Individual Case Safety Report Characteristics Between Africa and the Rest of the World: Analyses of Spontaneous Reports in VigiBase®.
26748508,2016,0.3600,3,Comparative Safety and Tolerability of Prostacyclins in Pulmonary Hypertension.
26748507,2016,0.4745,2,Performance of Stratified and Subgrouped Disproportionality Analyses in Spontaneous Databases.
26748506,2016,0.3599,2,Post-Marketing Benefit-Risk Assessment of Rotavirus Vaccination in Japan: A Simulation and Modelling Analysis.
26748505,2016,0.3135,2,Social Media Mining for Toxicovigilance: Automatic Monitoring of Prescription Medication Abuse from Twitter.
26719190,2016,0.4795,2,Traceability of Biologics in The Netherlands: An Analysis of Information-Recording Systems in Clinical Practice and Spontaneous ADR Reports.
26715499,2016,0.4302,2,A Method for the Minimization of Competition Bias in Signal Detection from Spontaneous Reporting Databases.
26715498,2016,0.4823,2,Clinicians' Reports in Electronic Health Records Versus Patients' Concerns in Social Media: A Pilot Study of Adverse Drug Reactions of Aspirin and Atorvastatin.
26715497,2016,0.4530,2,"Safety of Dalbavancin in the Treatment of Skin and Skin Structure Infections: A Pooled Analysis of Randomized, Comparative Studies."
26692396,2016,0.5949,2,Appropriate Polypharmacy and Medicine Safety: When Many is not Too Many.
26692395,2016,0.4325,2,Hepatotoxicity Associated with the Use of Anti-TNF-α Agents.
26692394,2016,0.4276,2,Renal and Bone Adverse Effects of a Tenofovir-Based Regimen in the Treatment of HIV-Infected Children: A Systematic Review.
26692393,2016,0.7120,1,Pharmacovigilance is... Vigilance.
26658991,2016,0.2257,2,Risk of Inflammatory Bowel Disease with Oral Contraceptives and Menopausal Hormone Therapy: Current Evidence and Future Directions.
26650064,2016,0.5204,2,Tools for Assessing Potential Significance of Pharmacist Interventions: A Systematic Review.
26650063,2016,0.4220,3,Risk of Seizures Associated with Antidepressant Use in Patients with Depressive Disorder: Follow-up Study with a Nested Case-Control Analysis Using the Clinical Practice Research Datalink.
26650062,2016,0.5613,1,Advances in the Pharmacogenomics of Adverse Drug Reactions.
26620206,2016,0.3980,2,Psychiatric Disorders and Montelukast in Children: A Disproportionality Analysis of the VigiBase(®).
26563222,2016,0.4372,2,Mortality Risk of Hypnotics: Strengths and Limits of Evidence.
26553305,2016,0.5680,3,The Association Between Potentially Inappropriate Prescribing and Medication-Related Hospital Admissions in Older Patients: A Nested Case Control Study.
26547719,2016,0.5032,2,Adverse Drug Reactions Reported to a National HIV & Tuberculosis Health Care Worker Hotline in South Africa: Description and Prospective Follow-Up of Reports.
26547718,2016,0.5803,2,"Consumer Understanding, Preferences, and Responses to Different Versions of Drug Safety Messages in the United States: A Randomized Controlled Trial."
26519420,2016,0.3373,2,"Reversal Strategies for NOACs: State of Development, Possible Clinical Applications and Future Perspectives."
26507885,2016,0.6258,2,An Empirical Approach to Explore the Relationship Between Measures of Disproportionate Reporting and Relative Risks from Analytical Studies.
26482385,2016,0.3593,3,Testosterone Replacement Therapy and Mortality in Older Men.
26467550,2016,0.4593,2,Quantitative Risk-Benefit Analysis of Probiotic Use for Irritable Bowel Syndrome and Inflammatory Bowel Disease.
26446144,2016,0.5254,3,The Contribution of National Spontaneous Reporting Systems to Detect Signals of Torsadogenicity: Issues Emerging from the ARITMO Project.
26446143,2016,0.5453,2,Feasibility of Prioritizing Drug-Drug-Event Associations Found in Electronic Health Records.
26446142,2015,0.3045,2,Comparative Safety of Vaccine Adjuvants: A Summary of Current Evidence and Future Needs.
26391801,2015,0.3026,2,Statistical Signal Detection as a Routine Pharmacovigilance Practice: Effects of Periodicity and Resignalling Criteria on Quality and Workload.
26384490,2015,0.6579,2,Impact on Drug Safety of Variation in Adherence: The Need for Routinely Reporting Measures of Dose Intensity in Medication Safety Studies Using Electronic Health Data.
26384489,2015,0.5813,2,Association of Attorney Advertising and FDA Action with Prescription Claims: A Time Series Segmented Regression Analysis.
26370106,2015,0.4413,3,Drug-Induced Hyperglycaemia and Diabetes.
26370105,2015,0.4291,1,Drug Reaction with Eosinophilia and Systemic Symptoms (DRESS): A National Analysis of Data from 10-Year Post-marketing Surveillance.
26370104,2015,0.3830,3,Useful Interplay Between Spontaneous ADR Reports and Electronic Healthcare Records in Signal Detection.
26353915,2015,0.5277,2,A Note on the Validity and Reliability of Multi-Criteria Decision Analysis for the Benefit-Risk Assessment of Medicines.
26350642,2015,0.5004,3,"Risk of Out-of-Hospital Sudden Cardiac Death in Users of Domperidone, Proton Pump Inhibitors, or Metoclopramide: A Population-Based Nested Case-Control Study."
26338346,2015,0.4720,3,Signal for Thrombosis with Eltrombopag and Romiplostim: A Disproportionality Analysis of Spontaneous Reports Within VigiBase®.
26316054,2015,0.5039,2,Safety Profile of Certolizumab Pegol in Patients with Immune-Mediated Inflammatory Diseases: A Systematic Review and Meta-Analysis.
26267842,2015,0.4686,2,Experiences and Lessons From Implementing Cohort Event Monitoring Programmes for Antimalarials in Four African Countries: Results of a Questionnaire-Based Survey.
26251259,2015,0.2417,2,"Modelling Hospitalisation Ratios for Febrile Convulsions and Severe Varicella Under Combined Measles, Mumps, Rubella, and Varicella (MMRV-Priorix-Tetra™) Compared to Separate MMR + V Vaccination."
26242616,2015,0.4188,2,Evaluating Social Media Networks in Medicines Safety Surveillance: Two Case Studies.
26242615,2015,0.4113,2,Safety of Perflutren Ultrasound Contrast Agents: A Disproportionality Analysis of the US FAERS Database.
26239715,2015,0.3638,1,"Vaccine-Drug Interactions: Cytokines, Cytochromes, and Molecular Mechanisms."
26216600,2015,0.5134,3,Variation in Association Between Thiazolidinediones and Heart Failure Across Ethnic Groups: Retrospective analysis of Large Healthcare Claims Databases in Six Countries.
26188765,2015,0.4688,3,Selective Serotonin Reuptake Inhibitor Use and Perioperative Bleeding and Mortality in Patients Undergoing Coronary Artery Bypass Grafting: A Cohort Study.
26188764,2015,0.3878,2,Clinical Pattern of Tolvaptan-Associated Liver Injury in Subjects with Autosomal Dominant Polycystic Kidney Disease: Analysis of Clinical Trials Database.
26187686,2015,0.4485,3,Photosensitivity with Angiotensin II Receptor Blockers: A Retrospective Study Using Data from VigiBase(®).
26162419,2015,0.4826,2,Implications of the IQ-CSRC Prospective Study: Time to Revise ICH E14.
26153398,2015,0.4394,2,Improving Information on Maternal Medication Use by Linking Prescription Data to Congenital Anomaly Registers: A EUROmediCAT Study.
26153397,2015,0.3617,2,A Method to Combine Signals from Spontaneous Reporting Systems and Observational Healthcare Data to Detect Adverse Drug Reactions.
26138527,2015,0.5701,2,Hepatotoxicity of New Oral Anticoagulants (NOACs).
26123874,2015,0.4207,2,Benzodiazepine Use and Risk of Developing Alzheimer's Disease or Vascular Dementia: A Case-Control Analysis.
26119289,2015,0.4928,2,The Risk of Opioid Intoxications or Related Events and the Effect of Alcohol-Related Disorders: A Retrospective Cohort Study in German Patients Treated with High-Potency Opioid Analgesics.
26115701,2015,0.4746,2,"Prevalence, Nature, Severity and Risk Factors for Prescribing Errors in Hospital Inpatients: Prospective Study in 20 UK Hospitals."
26108299,2015,0.4069,2,Pharmacogenetics of Drug-Induced QT Interval Prolongation: An Update.
26108298,2015,0.5813,2,Evaluating AE Reporting of Two Off-Patent Biologics to Inform Future Biosimilar Naming and Reporting Practices.
26108297,2015,0.3421,2,Accidents and Incidents Related to Intravenous Drug Administration: A Pre-Post Study Following Implementation of Smart Pumps in a Teaching Hospital.
26105011,2015,0.5232,2,Product-Specific Regulatory Pathways to Approve Generic Drugs: The Need for Follow-up Studies to Ensure Safety and Effectiveness.
26100144,2015,0.6402,2,Changes in Side Effect Risk Communication in Patient Information Leaflets over the Past Decade: Results of a Survey.
26100143,2015,0.5766,2,Primary Care Medication Safety Surveillance with Integrated Primary and Secondary Care Electronic Health Records: A Cross-Sectional Study.
26093687,2015,0.5406,2,Detection of Drug-Drug Interactions Inducing Acute Kidney Injury by Electronic Health Records Mining.
26091849,2015,0.3740,2,"Indigenous Medicine Use for Sex Selection During Pregnancy and Risk of Congenital Malformations: A Population-Based Case-Control Study in Haryana, India."
26076652,2015,0.4481,1,DNA Barcoding and Pharmacovigilance of Herbal Medicines.
26055920,2015,0.4459,2,A Comparative Assessment of Observational Medical Outcomes Partnership and Mini-Sentinel Common Data Models and Analytics: Implications for Active Drug Safety Surveillance.
26041497,2015,0.4257,2,Actual Use of Medications Prescribed During Pregnancy: A Cross-Sectional Study Using Data from a Population-Based Congenital Anomaly Registry.
26025018,2015,0.6190,2,Electronic Health Data for Postmarket Surveillance: A Vision Not Realized.
26017034,2015,0.4976,2,P-Glycoprotein-Mediated Drug Interactions in Pregnancy and Changes in the Risk of Congenital Anomalies: A Case-Reference Study.
26013909,2015,0.5907,3,Preventability of Voluntarily Reported or Trigger Tool-Identified Medication Errors in a Pediatric Institution by Information Technology: A Retrospective Cohort Study.
26008987,2015,0.4935,3,"Update on Cardiovascular Safety of Tyrosine Kinase Inhibitors: With a Special Focus on QT Interval, Left Ventricular Dysfunction and Overall Risk/Benefit."
26008986,2015,0.3788,2,Adverse Drug Reactions and Clinical Outcomes in Patients Initiated on Antiretroviral Therapy: A Prospective Cohort Study From Ethiopia.
26001933,2015,0.5594,2,Atypical Antipsychotics and the Risk of Hyperlipidemia: A Sequence Symmetry Analysis.
25989944,2015,0.3954,2,PCSK9 inhibitors and neurocognitive adverse events: exploring the FDA directive and a proposal for N-of-1 trials.
25968812,2015,0.5920,2,Harmonizing post-market surveillance of prescription drug misuse: a systematic review of observational studies using routinely collected data (2000-2013).
25968811,2015,0.5845,2,Methodological approaches to evaluate the impact of FDA drug safety communications.
25935198,2015,0.4249,2,Incorporating linked healthcare claims to improve confounding control in a study of in-hospital medication use.
25913726,2015,0.3041,1,Oral anticoagulants and risk of nephropathy.
25899605,2015,0.4048,2,Comparison of statistical signal detection methods within and across spontaneous reporting databases.
25863473,2015,0.4250,2,Drug-induced renal damage in preterm neonates: state of the art and methods for early detection.
25862024,2015,0.3630,2,Topical corticosteroid-induced skin atrophy: a comprehensive review.
25832756,2015,0.2340,3,"Chimeric fusion proteins used for therapy: indications, mechanisms, and safety."
25829216,2015,0.3509,2,Risks and benefits of triple oral anti-thrombotic therapies after acute coronary syndromes and percutaneous coronary intervention.
25829215,2015,0.7039,2,The monitoring medicines project: a multinational pharmacovigilance and public health project.
25822400,2015,0.5538,1,Epidemiology of adverse drug reactions in Europe: a review of recent observational studies.
25820287,2015,0.2332,2,Organ-on-a-chip: development and clinical prospects toward toxicity assessment with an emphasis on bone marrow.
25808626,2015,0.5424,3,Safety and Effectiveness of Highly Active Antiretroviral Therapy in Treatment-Naïve HIV Patients: Preliminary Findings of a Cohort Event Monitoring Study in Belarus.
25792028,2015,0.4976,2,Comparative safety and tolerability of endothelin receptor antagonists in pulmonary arterial hypertension.
25787329,2015,0.6234,3,Relationship between structural alerts in NSAIDs and idiosyncratic hepatotoxicity: an analysis of spontaneous report data from the WHO database.
25761856,2015,0.4988,2,Addressing limitations in observational studies of the association between glucose-lowering medications and all-cause mortality: a review.
25749722,2015,0.4484,2,Computational approaches for pharmacovigilance signal detection: toward integrated and semantically-enriched frameworks.
25749663,2015,0.4484,2,Targeted spontaneous reporting of suspected renal toxicity in patients undergoing highly active anti-retroviral therapy in two public health facilities in Uganda.
25735854,2015,0.5474,1,Initiatives to identify and mitigate medication errors in England.
25711669,2015,0.4933,1,User-driven development of a web-based tool for patient reporting of drug-related harm.
25711668,2015,0.4582,2,Evaluation of an automated surveillance system using trigger alerts to prevent adverse drug events in the intensive care unit and general ward.
25700714,2015,0.4018,1,Comparative safety and tolerability of anti-VEGF therapy in age-related macular degeneration.
25698347,2015,0.5732,1,Empowering consumers as contributors for health product safety: lessons from the Philippines.
25693658,2015,0.3932,2,Neurodevelopmental effects of fetal antiepileptic drug exposure.
25687792,2015,0.4917,3,Using VigiBase to Identify Substandard Medicines: Detection Capacity and Key Prerequisites.
25687791,2015,0.5944,1,Drug safety meta-analysis: promises and pitfalls.
25676682,2015,0.5525,2,Safety and tolerability profile of second-line anti-tuberculosis medications.
25663078,2015,0.6048,2,Pediatric drug safety signal detection: a new drug-event reference set for performance testing of data-mining methods and systems.
25652235,2015,0.4202,2,Benefit-risk assessment of diacerein in the treatment of osteoarthritis.
25647717,2015,0.3727,1,Safety surveillance of traditional Chinese medicine: current and future.
25627832,2015,0.5554,2,ADR Reporting by the General Public: Lessons Learnt from the Dutch and Swedish Systems.
25577497,2015,0.3326,2,Cancer chemotherapy and cardiac arrhythmias: a review.
25566825,2015,0.3633,2,Risk of anaphylaxis with repeated courses of rasburicase: a Research on Adverse Drug Events and Reports (RADAR) project.
25564333,2015,0.4597,2,Specialist Cohort Event Monitoring studies: a new study method for risk management in pharmacovigilance.
25556421,2015,0.3446,2,Treating severe malaria in pregnancy: a review of the evidence.
25556085,2015,0.5428,2,Consensus recommendations for systematic evaluation of drug-drug interaction evidence for clinical decision support.
25542297,2015,0.3422,2,Safety considerations with pharmacological treatment of gestational diabetes mellitus.
25539878,2015,0.5223,1,The US Food and Drug Administration-European Medicines Agency collaboration in pharmacovigilance: common objectives and common challenges.
25539877,2015,0.5932,2,Structured assessment for prospective identification of safety signals in electronic medical records: evaluation in the health improvement network.
25537235,2015,0.5978,2,Assessment of a new instrument for detecting preventable adverse drug reactions.
25537234,2015,0.5930,2,Effect of an educational intervention to improve adverse drug reaction reporting in physicians: a cluster randomized controlled trial.
25519721,2015,0.5919,2,Causal assessment of pharmaceutical treatments: why standards of evidence should not be the same for benefits and harms?
25481812,2015,0.3010,2,Optimal glycaemic control in elderly people with type 2 diabetes: what does the evidence say?
25475539,2015,0.2447,2,"Bacillus Calmette-Guérin (BCG) vaccine adverse events in Victoria, Australia: analysis of reports to an enhanced passive surveillance system."
25446374,2015,0.2683,2,"Aristolochic acid nephropathy: epidemiology, clinical presentation, and treatment."
25416320,2015,0.2855,1,The comparative efficacy and safety of the angiotensin receptor blockers in the management of hypertension and other cardiovascular diseases.
